{"P_QUOTATION_TBL": {"P_QUOTATION_TBL_ITEM": [
      {
      "ORDER_TYPE_ID": "4561",
      "QUOTATION_NUMBER": "10289522",
      "ORG_ID": "2899",
      "CUSTOMER_ACCOUNT_NUMBER": "8000107",
      "PAYMENT_TERM_ID": "1063",
      "BILL_TO_LOCATION": "13-G000S 5/F DEVON HOUSE",
      "SOLD_TO_ORG_ID": "8000107",
      "HEADER_FLOW_STATUS_CODE": "BOOKED",
      "PAYMENT_TERM": "NET105",
      "PRICE_LIST_ID": "264408",
      "ORDER_TYPE": "13-G0 STOCK ORDER",
      "REMARKS": "ABCD EDSFDSFSDAFA DS",
      "SHIP_TO_ORG_ID": "302156",
      "CUST_PO_NUMBER": "-1",
      "BILL_TO_ADDRESS": "5/F DEVON HOUSE,TAIKOO PLACE 979 KING'S RD,QUARRY BAY,,HK-QUARRY BAY",
      "CUSTOMER_NAME": "THE DAIRY FARM COMPANY LTD (WELLCOME)",
      "QUOTATION_TOT_QTY": "8027.76",
      "INVOICE_TO_ORG_ID": "302158",
      "QUOTATION_DATE": "14-OCT-2016",
      "TRANSACTIONAL_CURR_CODE": "HKD",
      "SHIP_TO_LOCATION": "G11S 7/F EAST ASIA TERMINAL CENTRE",
      "SALESREP_ID": "100396338",
      "OE_HEADER_ID": "12790027",
      "SHIP_TO_ADDRESS": "7/F EAST ASIA TERMINAL CENTRE,A BERTH, KWAI CHUNG CONTAINER TERMINAL,KWAI CHUNG,N T,NT-KWAI CHUNG",
      "ATTENTION": "ATTENTEND A",
      "SALES_TERM": "DS"
   },
      {
      "ORDER_TYPE_ID": "4561",
      "QUOTATION_NUMBER": "10289515",
      "ORG_ID": "2899",
      "CUSTOMER_ACCOUNT_NUMBER": "8000107",
      "PAYMENT_TERM_ID": "1063",
      "BILL_TO_LOCATION": "13-G000S 5/F DEVON HOUSE",
      "SOLD_TO_ORG_ID": "8000107",
      "HEADER_FLOW_STATUS_CODE": "BOOKED",
      "PAYMENT_TERM": "NET105",
      "PRICE_LIST_ID": "264408",
      "ORDER_TYPE": "13-G0 STOCK ORDER",
      "REMARKS": "-1",
      "SHIP_TO_ORG_ID": "302156",
      "CUST_PO_NUMBER": "-1",
      "BILL_TO_ADDRESS": "5/F DEVON HOUSE,TAIKOO PLACE 979 KING'S RD,QUARRY BAY,,HK-QUARRY BAY",
      "CUSTOMER_NAME": "THE DAIRY FARM COMPANY LTD (WELLCOME)",
      "QUOTATION_TOT_QTY": "42639.04",
      "INVOICE_TO_ORG_ID": "302158",
      "QUOTATION_DATE": "14-OCT-2016",
      "TRANSACTIONAL_CURR_CODE": "HKD",
      "SHIP_TO_LOCATION": "G11S 7/F EAST ASIA TERMINAL CENTRE",
      "SALESREP_ID": "100396338",
      "OE_HEADER_ID": "12789993",
      "SHIP_TO_ADDRESS": "7/F EAST ASIA TERMINAL CENTRE,A BERTH, KWAI CHUNG CONTAINER TERMINAL,KWAI CHUNG,N T,NT-KWAI CHUNG",
      "ATTENTION": "ATTENTEND B",
      "SALES_TERM": "SR"                
   },
      {
      "ORDER_TYPE_ID": "4561",
      "QUOTATION_NUMBER": "10289315",
      "ORG_ID": "2899",
      "CUSTOMER_ACCOUNT_NUMBER": "8000107",
      "PAYMENT_TERM_ID": "1063",
      "BILL_TO_LOCATION": "13-G000S 5/F DEVON HOUSE",
      "SOLD_TO_ORG_ID": "8000107",
      "HEADER_FLOW_STATUS_CODE": "BOOKED",
      "PAYMENT_TERM": "NET105",
      "PRICE_LIST_ID": "264408",
      "ORDER_TYPE": "13-G0 STOCK ORDER",
      "REMARKS": "-1",
      "SHIP_TO_ORG_ID": "302156",
      "CUST_PO_NUMBER": "-1",
      "BILL_TO_ADDRESS": "5/F DEVON HOUSE,TAIKOO PLACE 979 KING'S RD,QUARRY BAY,,HK-QUARRY BAY",
      "CUSTOMER_NAME": "THE DAIRY FARM COMPANY LTD (WELLCOME)",
      "QUOTATION_TOT_QTY": "30953.8",
      "INVOICE_TO_ORG_ID": "302158",
      "QUOTATION_DATE": "13-OCT-2016",
      "TRANSACTIONAL_CURR_CODE": "HKD",
      "SHIP_TO_LOCATION": "G11S 7/F EAST ASIA TERMINAL CENTRE",
      "SALESREP_ID": "100396338",
      "OE_HEADER_ID": "12774103",
      "SHIP_TO_ADDRESS": "7/F EAST ASIA TERMINAL CENTRE,A BERTH, KWAI CHUNG CONTAINER TERMINAL,KWAI CHUNG,N T,NT-KWAI CHUNG",
      "ATTENTION": "ATTENTEND B",
      "SALES_TERM": "CS"                    
   }
]}}