{
    "P_QUOTATION_LINES_TBL": {
        "P_QUOTATION_LINES_TBL_ITEM": [
            {
                "ORG_ID": "2898",
                "ORDER_TOT_ITEM": "168",
                "LINE_NUMBER": "1.1",
                "REMARKS": "PLS DELIVER ON 03.10.2016",
                "SHIP_TO_ORG_ID": "463077",
                "LINE_ID": "16945069",
                "PRODUCT_DESCRIPTION": "BECK'S (6 BOTS X 4 PACKS) X 275ML BOTTLES - PT",
                "FLOW_STATUS_CODE": "CLOSED",
                "ORDER_TOT_AMT": "45524.32",
                "INVOICE_TO_ORG_ID": "462390",
                "UNIT_SELLING_PRICE": "244.2",
                "ORDERED_ITEM": "B095|BEC103",
                "LINE_PAYMENT_TERM": "NET105",
                "SHIP_TO_LOCATION": "13-C000S ATL WAREHOUSE, CENTRE-B",
                "SALESREP_ID": "100334360",
                "SHIP_TO_ADDRESS": "ATL WAREHOUSE, CENTRE-B,6/F KWAI CHUNG CONTAINER TERMINAL,KWAI CHUNG,N. T.,NT-KWAI CHUNG",
                "ORDER_TYPE_ID": "4479",
                "QUOTATION_NUMBER": "10220665",
                "CUSTOMER_ACCOUNT_NUMBER": "8178874",
                "PAYMENT_TERM_ID": "1063",
                "ORDER_QUANTITY_UOM": "CTN",
                "BILL_TO_LOCATION": "13-C0S 5/F DEVON HOUSE",
                "WAREHOUSE": "C14",
                "SOLD_TO_ORG_ID": "11876438",
                "HEADER_FLOW_STATUS_CODE": "CLOSED",
                "PAYMENT_TERM": "NET105",
                "PRICE_LIST_ID": "4684628",
                "ORDER_TYPE": "13-C0 STOCK ORDER",
                "LINE_PRICE_LIST_ID": "4684628",
                "SCHEDULE_SHIP_DATE": "03-OCT-2016",
                "LINE_SHIP_FROM_ORG_ID": "2920",
                "CUST_PO_NUMBER": "21415702 DD 30.09.16",
                "BILL_TO_ADDRESS": "5/F DEVON HOUSE,TAIKOO PLACE 979 KING'S ROAD,QUARRY BAY,,HK-QUARRY BAY",
                "INVENTORY_ITEM_ID": "6030249",
                "CUSTOMER_NAME": "THE DAIRY FARM COMPANY LTD (WELLCOME)-ABI",
                "ORDER_LINE_AMT": "2930.4",
                "REQUEST_DATE": "03-OCT-2016",
                "ORDERED_DATE": "30-SEP-2016",
                "TRANSACTIONAL_CURR_CODE": "HKD",
                "ORDERED_QUANTITY": "12",
                "LINE_SALESREP_ID": "100334360",
                "LINE_PAYMENT_TERM_ID": "1063",
                "OE_HEADER_ID": "12663738",
                "LINE_TYPE_ID": "4478",
                "MODIFIER_TBL": []
            },
            {
                "ORG_ID": "2898",
                "ORDER_TOT_ITEM": "168",
                "LINE_NUMBER": "2.1",
                "REMARKS": "PLS DELIVER ON 03.10.2016",
                "SHIP_TO_ORG_ID": "463077",
                "LINE_ID": "16945072",
                "PRODUCT_DESCRIPTION": "BECK'S 24 X 330ML BOTTLES - BLUE (NON-ALCOHOLIC)-PTS",
                "FLOW_STATUS_CODE": "CLOSED",
                "ORDER_TOT_AMT": "45524.32",
                "INVOICE_TO_ORG_ID": "462390",
                "UNIT_SELLING_PRICE": "274.62",
                "ORDERED_ITEM": "B095|BEC102",
                "LINE_PAYMENT_TERM": "NET105",
                "SHIP_TO_LOCATION": "13-C000S ATL WAREHOUSE, CENTRE-B",
                "SALESREP_ID": "100334360",
                "SHIP_TO_ADDRESS": "ATL WAREHOUSE, CENTRE-B,6/F KWAI CHUNG CONTAINER TERMINAL,KWAI CHUNG,N. T.,NT-KWAI CHUNG",
                "ORDER_TYPE_ID": "4479",
                "QUOTATION_NUMBER": "10220665",
                "CUSTOMER_ACCOUNT_NUMBER": "8178874",
                "PAYMENT_TERM_ID": "1063",
                "ORDER_QUANTITY_UOM": "CTN",
                "BILL_TO_LOCATION": "13-C0S 5/F DEVON HOUSE",
                "WAREHOUSE": "C14",
                "SOLD_TO_ORG_ID": "11876438",
                "HEADER_FLOW_STATUS_CODE": "CLOSED",
                "PAYMENT_TERM": "NET105",
                "PRICE_LIST_ID": "4684628",
                "ORDER_TYPE": "13-C0 STOCK ORDER",
                "LINE_PRICE_LIST_ID": "4684628",
                "SCHEDULE_SHIP_DATE": "03-OCT-2016",
                "LINE_SHIP_FROM_ORG_ID": "2920",
                "CUST_PO_NUMBER": "21415702 DD 30.09.16",
                "BILL_TO_ADDRESS": "5/F DEVON HOUSE,TAIKOO PLACE 979 KING'S ROAD,QUARRY BAY,,HK-QUARRY BAY",
                "INVENTORY_ITEM_ID": "4467259",
                "CUSTOMER_NAME": "THE DAIRY FARM COMPANY LTD (WELLCOME)-ABI",
                "ORDER_LINE_AMT": "6590.88",
                "REQUEST_DATE": "03-OCT-2016",
                "ORDERED_DATE": "30-SEP-2016",
                "TRANSACTIONAL_CURR_CODE": "HKD",
                "ORDERED_QUANTITY": "24",
                "LINE_SALESREP_ID": "100334360",
                "LINE_PAYMENT_TERM_ID": "1063",
                "OE_HEADER_ID": "12663738",
                "LINE_TYPE_ID": "4478",
                "MODIFIER_TBL": {
                        "MODIFIER_TBL_ITEM": [{
                                        "MODIFIER_NUMBER": -1,
                                        "MODIFIER_TYPE": 1,
                                        "MODIFIER_START_DATE": "2017-06-13T00:00:00.000+08:00",
                                        "MODIFIER_END_DATE": "2017-06-13T00:00:00.000+08:00",
                                        "MODIFIER_ITEM_ID": 76759,
                                        "MODIFIER_ITEM_NUMBER": "O008|BBB003",
                                        "MODIFIER_ITEM_DESCRIPTION": "BLUE GIRL BEER - PT (330ML)",
                                        "MODIFIER_VALUE_FROM": "1",
                                        "MODIFIER_SHIP_TO": "Y",
                                        "GET_ITEM_ID": "76759",
                                        "GET_ITEM_NUMBER": "O008|BBB003",
                                        "GET_PERCENT": -1,
                                        "GET_PRICE": 0,
                                        "GET_QUANTITY": 1,
                                        "GET_PROMOTION_NATURE": "A&P",
                                        "FROM_STAGING": "Y"
                                }, {
                                        "MODIFIER_NUMBER": -1,
                                        "MODIFIER_TYPE": 2,
                                        "MODIFIER_START_DATE": "2017-06-13T00:00:00.000+08:00",
                                        "MODIFIER_END_DATE": "2017-06-13T00:00:00.000+08:00",
                                        "MODIFIER_ITEM_ID": 76759,
                                        "MODIFIER_ITEM_NUMBER": "O008|BBB003",
                                        "MODIFIER_ITEM_DESCRIPTION": "BLUE GIRL BEER - PT (330ML)",
                                        "MODIFIER_VALUE_FROM": "-1",
                                        "MODIFIER_SHIP_TO": "Y",
                                        "GET_ITEM_ID": -1,
                                        "GET_ITEM_NUMBER": "-1",
                                        "GET_PERCENT": 0,
                                        "GET_PRICE": -1,
                                        "GET_QUANTITY": -1,
                                        "GET_PROMOTION_NATURE": "-1",
                                        "FROM_STAGING": "Y"
                                }, {
                                        "MODIFIER_NUMBER": -1,
                                        "MODIFIER_TYPE": 3,
                                        "MODIFIER_START_DATE": "2017-06-13T00:00:00.000+08:00",
                                        "MODIFIER_END_DATE": "2017-06-13T00:00:00.000+08:00",
                                        "MODIFIER_ITEM_ID": 76759,
                                        "MODIFIER_ITEM_NUMBER": "O008|BBB003",
                                        "MODIFIER_ITEM_DESCRIPTION": "BLUE GIRL BEER - PT (330ML)",
                                        "MODIFIER_VALUE_FROM": "-1",
                                        "MODIFIER_SHIP_TO": "Y",
                                        "GET_ITEM_ID": -1,
                                        "GET_ITEM_NUMBER": "-1",
                                        "GET_PERCENT": -1,
                                        "GET_PRICE": 0,
                                        "GET_QUANTITY": -1,
                                        "GET_PROMOTION_NATURE": "-1",
                                        "FROM_STAGING": "Y"
                                }
                        ]
                }
            },
            {
                "ORG_ID": "2898",
                "ORDER_TOT_ITEM": "168",
                "LINE_NUMBER": "3.1",
                "REMARKS": "PLS DELIVER ON 03.10.2016",
                "SHIP_TO_ORG_ID": "463077",
                "LINE_ID": "16945073",
                "PRODUCT_DESCRIPTION": "BUDWEISER 24 X 330ML BOTTLES - PT",
                "FLOW_STATUS_CODE": "CLOSED",
                "ORDER_TOT_AMT": "45524.32",
                "INVOICE_TO_ORG_ID": "462390",
                "UNIT_SELLING_PRICE": "294.06",
                "ORDERED_ITEM": "B095|BUD101",
                "LINE_PAYMENT_TERM": "NET105",
                "SHIP_TO_LOCATION": "13-C000S ATL WAREHOUSE, CENTRE-B",
                "SALESREP_ID": "100334360",
                "SHIP_TO_ADDRESS": "ATL WAREHOUSE, CENTRE-B,6/F KWAI CHUNG CONTAINER TERMINAL,KWAI CHUNG,N. T.,NT-KWAI CHUNG",
                "ORDER_TYPE_ID": "4479",
                "QUOTATION_NUMBER": "10220665",
                "CUSTOMER_ACCOUNT_NUMBER": "8178874",
                "PAYMENT_TERM_ID": "1063",
                "ORDER_QUANTITY_UOM": "CTN",
                "BILL_TO_LOCATION": "13-C0S 5/F DEVON HOUSE",
                "WAREHOUSE": "C14",
                "SOLD_TO_ORG_ID": "11876438",
                "HEADER_FLOW_STATUS_CODE": "CLOSED",
                "PAYMENT_TERM": "NET105",
                "PRICE_LIST_ID": "4684628",
                "ORDER_TYPE": "13-C0 STOCK ORDER",
                "LINE_PRICE_LIST_ID": "4684628",
                "SCHEDULE_SHIP_DATE": "03-OCT-2016",
                "LINE_SHIP_FROM_ORG_ID": "2920",
                "CUST_PO_NUMBER": "21415702 DD 30.09.16",
                "BILL_TO_ADDRESS": "5/F DEVON HOUSE,TAIKOO PLACE 979 KING'S ROAD,QUARRY BAY,,HK-QUARRY BAY",
                "INVENTORY_ITEM_ID": "4362252",
                "CUSTOMER_NAME": "THE DAIRY FARM COMPANY LTD (WELLCOME)-ABI",
                "ORDER_LINE_AMT": "1176.24",
                "REQUEST_DATE": "03-OCT-2016",
                "ORDERED_DATE": "30-SEP-2016",
                "TRANSACTIONAL_CURR_CODE": "HKD",
                "ORDERED_QUANTITY": "4",
                "LINE_SALESREP_ID": "100334360",
                "LINE_PAYMENT_TERM_ID": "1063",
                "OE_HEADER_ID": "12663738",
                "LINE_TYPE_ID": "4478",
		"MODIFIER_TBL": {
			"MODIFIER_TBL_ITEM": [{
					"ORG_ID": "2899",
					"BILL_TO_SITE_ID": "531591",
					"SHIP_TO_SITE_ID": "531592",
					"ORDER_TYPE_ID": "4561",
					"QUOTATION_ID": null,
					"MODIFIER_NUMBER": null,
					"MODIFIER_TYPE": "1",
					"MODIFIER_START_DATE": "2017-06-13T00:00:00+08:00",
					"MODIFIER_END_DATE": "2017-06-13T00:00:00+08:00",
					"MODIFIER_ITEM_ID": "76759",
					"MODIFIER_VALUE_FROM": 1,
					"GET_ITEM_ID": "76759",
					"GET_ITEM_UOM": null,
					"GET_PERCENT": null,
					"GET_PRICE": null,
					"GET_QUANTITY": 1,
					"GET_PROMOTION_NATURE": "A&P"
				}, {
					"ORG_ID": "2899",
					"BILL_TO_SITE_ID": "531591",
					"SHIP_TO_SITE_ID": "531592",
					"ORDER_TYPE_ID": "4561",
					"QUOTATION_ID": null,
					"MODIFIER_NUMBER": null,
					"MODIFIER_TYPE": "1",
					"MODIFIER_START_DATE": "2017-06-13T00:00:00+08:00",
					"MODIFIER_END_DATE": "2017-06-13T00:00:00+08:00",
					"MODIFIER_ITEM_ID": "76759",
					"MODIFIER_VALUE_FROM": 1,
					"GET_ITEM_ID": "76759",
					"GET_ITEM_UOM": null,
					"GET_PERCENT": null,
					"GET_PRICE": 1,
					"GET_QUANTITY": 1,
					"GET_PROMOTION_NATURE": "A&P"
				}, {
					"ORG_ID": "2899",
					"BILL_TO_SITE_ID": "531591",
					"SHIP_TO_SITE_ID": "531592",
					"ORDER_TYPE_ID": "4561",
					"QUOTATION_ID": null,
					"MODIFIER_NUMBER": null,
					"MODIFIER_TYPE": "2",
					"MODIFIER_START_DATE": "2017-06-13T00:00:00+08:00",
					"MODIFIER_END_DATE": "2017-06-13T00:00:00+08:00",
					"MODIFIER_ITEM_ID": "76759",
					"MODIFIER_VALUE_FROM": null,
					"GET_ITEM_ID": null,
					"GET_ITEM_UOM": null,
					"GET_PERCENT": null,
					"GET_PRICE": null,
					"GET_QUANTITY": null,
					"GET_PROMOTION_NATURE": null
				}, {
					"ORG_ID": "2899",
					"BILL_TO_SITE_ID": "531591",
					"SHIP_TO_SITE_ID": "531592",
					"ORDER_TYPE_ID": "4561",
					"QUOTATION_ID": null,
					"MODIFIER_NUMBER": null,
					"MODIFIER_TYPE": "3",
					"MODIFIER_START_DATE": "2017-06-13T00:00:00+08:00",
					"MODIFIER_END_DATE": "2017-06-13T00:00:00+08:00",
					"MODIFIER_ITEM_ID": "76759",
					"MODIFIER_VALUE_FROM": null,
					"GET_ITEM_ID": null,
					"GET_ITEM_UOM": null,
					"GET_PERCENT": null,
					"GET_PRICE": null,
					"GET_QUANTITY": null,
					"GET_PROMOTION_NATURE": null
				}
			]
		}               
            },
            {
                "ORG_ID": "2898",
                "ORDER_TOT_ITEM": "168",
                "LINE_NUMBER": "4.1",
                "REMARKS": "PLS DELIVER ON 03.10.2016",
                "SHIP_TO_ORG_ID": "463077",
                "LINE_ID": "16945075",
                "PRODUCT_DESCRIPTION": "CORONA (6 BOTTLES  X 4 PACKS) 355ML - PT (SMKT STICKER)",
                "FLOW_STATUS_CODE": "CLOSED",
                "ORDER_TOT_AMT": "45524.32",
                "INVOICE_TO_ORG_ID": "462390",
                "UNIT_SELLING_PRICE": "226.04",
                "ORDERED_ITEM": "B095|COR104",
                "LINE_PAYMENT_TERM": "NET105",
                "SHIP_TO_LOCATION": "13-C000S ATL WAREHOUSE, CENTRE-B",
                "SALESREP_ID": "100334360",
                "SHIP_TO_ADDRESS": "ATL WAREHOUSE, CENTRE-B,6/F KWAI CHUNG CONTAINER TERMINAL,KWAI CHUNG,N. T.,NT-KWAI CHUNG",
                "ORDER_TYPE_ID": "4479",
                "QUOTATION_NUMBER": "10220665",
                "CUSTOMER_ACCOUNT_NUMBER": "8178874",
                "PAYMENT_TERM_ID": "1063",
                "ORDER_QUANTITY_UOM": "CTN",
                "BILL_TO_LOCATION": "13-C0S 5/F DEVON HOUSE",
                "WAREHOUSE": "C14",
                "SOLD_TO_ORG_ID": "11876438",
                "HEADER_FLOW_STATUS_CODE": "CLOSED",
                "PAYMENT_TERM": "NET105",
                "PRICE_LIST_ID": "4684628",
                "ORDER_TYPE": "13-C0 STOCK ORDER",
                "LINE_PRICE_LIST_ID": "4684628",
                "SCHEDULE_SHIP_DATE": "03-OCT-2016",
                "LINE_SHIP_FROM_ORG_ID": "2920",
                "CUST_PO_NUMBER": "21415702 DD 30.09.16",
                "BILL_TO_ADDRESS": "5/F DEVON HOUSE,TAIKOO PLACE 979 KING'S ROAD,QUARRY BAY,,HK-QUARRY BAY",
                "INVENTORY_ITEM_ID": "7124252",
                "CUSTOMER_NAME": "THE DAIRY FARM COMPANY LTD (WELLCOME)-ABI",
                "ORDER_LINE_AMT": "11302",
                "REQUEST_DATE": "03-OCT-2016",
                "ORDERED_DATE": "30-SEP-2016",
                "TRANSACTIONAL_CURR_CODE": "HKD",
                "ORDERED_QUANTITY": "50",
                "LINE_SALESREP_ID": "100334360",
                "LINE_PAYMENT_TERM_ID": "1063",
                "OE_HEADER_ID": "12663738",
                "LINE_TYPE_ID": "4478",
		"MODIFIER_TBL": {
			"MODIFIER_TBL_ITEM": [{
					"ORG_ID": "2899",
					"BILL_TO_SITE_ID": "531591",
					"SHIP_TO_SITE_ID": "531592",
					"ORDER_TYPE_ID": "4561",
					"QUOTATION_ID": null,
					"MODIFIER_NUMBER": null,
					"MODIFIER_TYPE": "1",
					"MODIFIER_START_DATE": "2017-06-13T00:00:00+08:00",
					"MODIFIER_END_DATE": "2017-06-13T00:00:00+08:00",
					"MODIFIER_ITEM_ID": "76759",
					"MODIFIER_VALUE_FROM": 1,
					"GET_ITEM_ID": "76759",
					"GET_ITEM_UOM": null,
					"GET_PERCENT": null,
					"GET_PRICE": null,
					"GET_QUANTITY": 1,
					"GET_PROMOTION_NATURE": "A&P"
				}
			]
		}
            },
            {
                "ORG_ID": "2898",
                "ORDER_TOT_ITEM": "168",
                "LINE_NUMBER": "5.1",
                "REMARKS": "PLS DELIVER ON 03.10.2016",
                "SHIP_TO_ORG_ID": "463077",
                "LINE_ID": "16945076",
                "PRODUCT_DESCRIPTION": "LOWENBRAU 24 X 500ML - KING CAN",
                "FLOW_STATUS_CODE": "CLOSED",
                "ORDER_TOT_AMT": "45524.32",
                "INVOICE_TO_ORG_ID": "462390",
                "UNIT_SELLING_PRICE": "270.4",
                "ORDERED_ITEM": "B095|LOW401",
                "LINE_PAYMENT_TERM": "NET105",
                "SHIP_TO_LOCATION": "13-C000S ATL WAREHOUSE, CENTRE-B",
                "SALESREP_ID": "100334360",
                "SHIP_TO_ADDRESS": "ATL WAREHOUSE, CENTRE-B,6/F KWAI CHUNG CONTAINER TERMINAL,KWAI CHUNG,N. T.,NT-KWAI CHUNG",
                "ORDER_TYPE_ID": "4479",
                "QUOTATION_NUMBER": "10220665",
                "CUSTOMER_ACCOUNT_NUMBER": "8178874",
                "PAYMENT_TERM_ID": "1063",
                "ORDER_QUANTITY_UOM": "CTN",
                "BILL_TO_LOCATION": "13-C0S 5/F DEVON HOUSE",
                "WAREHOUSE": "C14",
                "SOLD_TO_ORG_ID": "11876438",
                "HEADER_FLOW_STATUS_CODE": "CLOSED",
                "PAYMENT_TERM": "NET105",
                "PRICE_LIST_ID": "4684628",
                "ORDER_TYPE": "13-C0 STOCK ORDER",
                "LINE_PRICE_LIST_ID": "4684628",
                "SCHEDULE_SHIP_DATE": "03-OCT-2016",
                "LINE_SHIP_FROM_ORG_ID": "2920",
                "CUST_PO_NUMBER": "21415702 DD 30.09.16",
                "BILL_TO_ADDRESS": "5/F DEVON HOUSE,TAIKOO PLACE 979 KING'S ROAD,QUARRY BAY,,HK-QUARRY BAY",
                "INVENTORY_ITEM_ID": "4362268",
                "CUSTOMER_NAME": "THE DAIRY FARM COMPANY LTD (WELLCOME)-ABI",
                "ORDER_LINE_AMT": "4867.2",
                "REQUEST_DATE": "03-OCT-2016",
                "ORDERED_DATE": "30-SEP-2016",
                "TRANSACTIONAL_CURR_CODE": "HKD",
                "ORDERED_QUANTITY": "18",
                "LINE_SALESREP_ID": "100334360",
                "LINE_PAYMENT_TERM_ID": "1063",
                "OE_HEADER_ID": "12663738",
                "LINE_TYPE_ID": "4478",
		"MODIFIER_TBL": {
			"MODIFIER_TBL_ITEM": [{
					"ORG_ID": "2899",
					"BILL_TO_SITE_ID": "531591",
					"SHIP_TO_SITE_ID": "531592",
					"ORDER_TYPE_ID": "4561",
					"QUOTATION_ID": null,
					"MODIFIER_NUMBER": null,
					"MODIFIER_TYPE": "1",
					"MODIFIER_START_DATE": "2017-06-13T00:00:00+08:00",
					"MODIFIER_END_DATE": "2017-06-13T00:00:00+08:00",
					"MODIFIER_ITEM_ID": "76759",
					"MODIFIER_VALUE_FROM": 1,
					"GET_ITEM_ID": "76759",
					"GET_ITEM_UOM": null,
					"GET_PERCENT": null,
					"GET_PRICE": null,
					"GET_QUANTITY": 1,
					"GET_PROMOTION_NATURE": "A&P"
				}
			]
		}             
            },
            {
                "ORG_ID": "2898",
                "ORDER_TOT_ITEM": "168",
                "LINE_NUMBER": "6.1",
                "REMARKS": "PLS DELIVER ON 03.10.2016",
                "SHIP_TO_ORG_ID": "463077",
                "LINE_ID": "16945077",
                "PRODUCT_DESCRIPTION": "HOEGAARDEN - 4 BOTTLES X 6 PACK (330ML)",
                "FLOW_STATUS_CODE": "CLOSED",
                "ORDER_TOT_AMT": "45524.32",
                "INVOICE_TO_ORG_ID": "462390",
                "UNIT_SELLING_PRICE": "310.96",
                "ORDERED_ITEM": "B095|HOE102",
                "LINE_PAYMENT_TERM": "NET105",
                "SHIP_TO_LOCATION": "13-C000S ATL WAREHOUSE, CENTRE-B",
                "SALESREP_ID": "100334360",
                "SHIP_TO_ADDRESS": "ATL WAREHOUSE, CENTRE-B,6/F KWAI CHUNG CONTAINER TERMINAL,KWAI CHUNG,N. T.,NT-KWAI CHUNG",
                "ORDER_TYPE_ID": "4479",
                "QUOTATION_NUMBER": "10220665",
                "CUSTOMER_ACCOUNT_NUMBER": "8178874",
                "PAYMENT_TERM_ID": "1063",
                "ORDER_QUANTITY_UOM": "CTN",
                "BILL_TO_LOCATION": "13-C0S 5/F DEVON HOUSE",
                "WAREHOUSE": "C14",
                "SOLD_TO_ORG_ID": "11876438",
                "HEADER_FLOW_STATUS_CODE": "CLOSED",
                "PAYMENT_TERM": "NET105",
                "PRICE_LIST_ID": "4684628",
                "ORDER_TYPE": "13-C0 STOCK ORDER",
                "LINE_PRICE_LIST_ID": "4684628",
                "SCHEDULE_SHIP_DATE": "03-OCT-2016",
                "LINE_SHIP_FROM_ORG_ID": "2920",
                "CUST_PO_NUMBER": "21415702 DD 30.09.16",
                "BILL_TO_ADDRESS": "5/F DEVON HOUSE,TAIKOO PLACE 979 KING'S ROAD,QUARRY BAY,,HK-QUARRY BAY",
                "INVENTORY_ITEM_ID": "4550260",
                "CUSTOMER_NAME": "THE DAIRY FARM COMPANY LTD (WELLCOME)-ABI",
                "ORDER_LINE_AMT": "18657.6",
                "REQUEST_DATE": "03-OCT-2016",
                "ORDERED_DATE": "30-SEP-2016",
                "TRANSACTIONAL_CURR_CODE": "HKD",
                "ORDERED_QUANTITY": "60",
                "LINE_SALESREP_ID": "100334360",
                "LINE_PAYMENT_TERM_ID": "1063",
                "OE_HEADER_ID": "12663738",
                "LINE_TYPE_ID": "4478",
		"MODIFIER_TBL": {
			"MODIFIER_TBL_ITEM": [{
					"ORG_ID": "2899",
					"BILL_TO_SITE_ID": "531591",
					"SHIP_TO_SITE_ID": "531592",
					"ORDER_TYPE_ID": "4561",
					"QUOTATION_ID": null,
					"MODIFIER_NUMBER": null,
					"MODIFIER_TYPE": "1",
					"MODIFIER_START_DATE": "2017-06-13T00:00:00+08:00",
					"MODIFIER_END_DATE": "2017-06-13T00:00:00+08:00",
					"MODIFIER_ITEM_ID": "76759",
					"MODIFIER_VALUE_FROM": 1,
					"GET_ITEM_ID": "76759",
					"GET_ITEM_UOM": null,
					"GET_PERCENT": null,
					"GET_PRICE": null,
					"GET_QUANTITY": 1,
					"GET_PROMOTION_NATURE": "A&P"
				}
			]
		}              
            }
        ]
    }
}