[
    {
        "name": "verifyLogin",
        "url": "/platform/users/login",
        "method": "GET",
        "amplify": {
            "dataType": "json"
        }
    },
    {
        "name": "login",
        "url": "/platform/users/{id}",
        "method": "GET",
        "amplify": {
            "dataType": "json"
        }
    },
    {
        "name": "registerDevice",
        "url": "/platform/devices/register",
        "method": "POST",
        "amplify": {
            "dataType": "json"
        }
    },
    {
        "name": "getCustomers",
        "url": "/custom/BeverageAPIs_UAT/getCustomers",
        "method": "POST",
        "amplify": {
            "dataType": "json"
        }
    },
    {
        "name": "getCustomersTest",
        "url": "/custom/BeverageAPIs_UAT/getCustomersTest",
        "method": "POST",
        "amplify": {
            "dataType": "json"
        }
    },
    {
        "name": "getOrders",
        "url": "/custom/BeverageAPIs_UAT/getOrders",
        "method": "POST",
        "amplify": {
            "dataType": "json"
        }
    },
    {
        "name": "getOrderLines",
        "url": "/custom/BeverageAPIs_UAT/getOrderLines",
        "method": "POST",
        "amplify": {
            "dataType": "json"
        }
    },
    {
        "name": "getPriceList",
        "url": "/custom/BeverageAPIs_UAT/getPriceList",
        "method": "POST",
        "amplify": {
            "dataType": "json"
        }
    },
    {
        "name": "validateSalesOrder",
        "url": "/custom/BeverageAPIs_UAT/validateOrder",
        "method": "POST",
        "amplify": {
            "dataType": "json"
        }
    },
    {
        "name": "getSalesCustomer",
        "url": "/custom/BeverageAPIs_UAT/getSalesCustomer",
        "method": "POST",
        "amplify": {
            "dataType": "json"
        }
    },
    {
        "name": "createWineOrderService",
        "url": "/custom/BeverageAPIs_UAT/createWineOrderService",
        "method": "POST",
        "amplify": {
            "dataType": "json"
        }
    },
    {
        "name": "createBeerOrderService",
        "url": "/custom/BeverageAPIs_UAT/createBeerOrderService",
        "method": "POST",
        "amplify": {
            "dataType": "json"
        }
    },
    {
        "name": "createBeerOrderSyncService",
        "url": "/custom/BeverageAPIs_UAT/createBeerOrderSyncService",
        "method": "POST",
        "amplify": {
            "dataType": "json"
        }
    },     
    {
        "name": "getItemOnHandByItem",
        "url": "/custom/BeverageAPIs_UAT/getItemOnHandByItem",
        "method": "POST",
        "amplify": {
            "dataType": "json"
        }
    },
    {
        "name": "getItemOnHandByItemLot",
        "url": "/custom/BeverageAPIs_UAT/getItemOnHandByItemLot",
        "method": "POST",
        "amplify": {
            "dataType": "json"
        }
    },
    {
        "name": "getItemLot",
        "url": "/custom/BeverageAPIs_UAT/getItemLot",
        "method": "POST",
        "amplify": {
            "dataType": "json"
        }
    },
    {
        "name": "getSubInventory",
        "url": "/custom/BeverageAPIs_UAT/getSubInventory",
        "method": "POST",
        "amplify": {
            "dataType": "json"
        }
    },
    {
        "name": "getItemReservationDetails",
        "url": "/custom/BeverageAPIs_UAT/getItemReservationDetails",
        "method": "POST",
        "amplify": {
            "dataType": "json"
        }
    },
    {
        "name": "getQuotation",
        "url": "/custom/BeverageAPIs_UAT/getQuotation",
        "method": "POST",
        "amplify": {
            "dataType": "json"
        }
    },
    {
        "name": "getQuotationLine",
        "url": "/custom/BeverageAPIs_UAT/getQuotationLine",
        "method": "POST",
        "amplify": {
            "dataType": "json"
        }
    },  
    {
        "name": "getShipmentMethod",
        "url": "/custom/BeverageAPIs_UAT/getShipmentMethod",
        "method": "POST",
        "amplify": {
            "dataType": "json"
        }
    },  
    {
        "name": "getCustomerAging",
        "url": "/custom/BeverageAPIs_UAT/getCustomerAging",
        "method": "POST",
        "amplify": {
            "dataType": "json"
        }
    },    
    {
        "name": "createVanOrder",
        "url": "/custom/BeverageAPIs_UAT/createVanOrder",
        "method": "POST",
        "amplify": {
            "dataType": "json"
        }
    },     
    {
        "name": "bookSalesOrder",
        "url": "/custom/BeverageAPIs_UAT/bookSalesOrder",
        "method": "POST",
        "amplify": {
            "dataType": "json"
        }
    },  
    {
        "name": "cancelSalesOrder",
        "url": "/custom/BeverageAPIs_UAT/cancelSalesOrder",
        "method": "POST",
        "amplify": {
            "dataType": "json"
        }
    },
    {
        "name": "getDelivery",
        "url": "/custom/BeverageAPIs_UAT/getDelivery",
        "method": "POST",
        "amplify": {
            "dataType": "json"
        }
    },  
    {
        "name": "getDeliveryByCarPlate",
        "url": "/custom/BeverageAPIs_UAT/getDeliveryByCarPlate",
        "method": "POST",
        "amplify": {
            "dataType": "json"
        }
    },  
    {
        "name": "getDeliveryDetail",
        "url": "/custom/BeverageAPIs_UAT/getDeliveryDetail",
        "method": "POST",
        "amplify": {
            "dataType": "json"
        }
    },  
    {
        "name": "getSalesByCustomer",
        "url": "/custom/BeverageAPIs_UAT/getSalesByCustomer",
        "method": "POST",
        "amplify": {
            "dataType": "json"
        }
    },  
    {
        "name": "getSalesBySalesRep",
        "url": "/custom/BeverageAPIs_UAT/getSalesBySalesRep",
        "method": "POST",
        "amplify": {
            "dataType": "json"
        }
    },
    {
        "name": "confirmDelivery",
        "url": "/custom/BeverageAPIs_UAT/confirmDelivery",
        "method": "POST",
        "amplify": {
            "dataType": "json"
        }
    },
    {
        "name": "getReceiptSummary",
        "url": "/custom/BeverageAPIs_UAT/getReceiptSummary",
        "method": "POST",
        "amplify": {
            "dataType": "json"
        }
    },      
    {
        "name": "getEarliestShipDate",
        "url": "/custom/BeverageAPIs_UAT/getEarliestShipDate",
        "method": "POST",
        "amplify": {
            "dataType": "json"
        }
    },
    {
        "name": "getEarliestShipDateByCP",
        "url": "/custom/BeverageAPIs_UAT/getEarliestShipDateByCP",
        "method": "POST",
        "amplify": {
            "dataType": "json"
        }
    },    
    {
        "name": "createQuotation",
        "url": "/custom/BeverageAPIs_UAT/createQuotation",
        "method": "POST",
        "amplify": {
            "dataType": "json"
        }
    },
    {
        "name": "getAppVersion",
        "url": "/custom/BeverageAPIs_UAT/getAppVersion",
        "method": "POST",
        "amplify": {
            "dataType": "json"
        }
    },
    {
        "name": "getInitDownload",
        "url": "/custom/BeverageAPIs_UAT/getInitDownload",
        "method": "POST",
        "amplify": {
            "dataType": "json"
        }
    },
    {
        "name": "getTopItemList",
        "url": "/custom/BeverageAPIs_UAT/getTopItemList",
        "method": "POST",
        "amplify": {
            "dataType": "json"
        }
    },
    {
        "name": "getDailyOrderSummary",
        "url": "/custom/BeverageAPIs_UAT/getDailyOrderSummary",
        "method": "POST",
        "amplify": {
            "dataType": "json"
        }
    },
    {
        "name": "getSalesTarget",
        "url": "/custom/BeverageAPIs_UAT/getSalesTarget",
        "method": "POST",
        "amplify": {
            "dataType": "json"
        }
    },
    {
        "name": "getSalesTargetByCustomer",
        "url": "/custom/BeverageAPIs_UAT/getSalesTargetByCustomer",
        "method": "POST",
        "amplify": {
            "dataType": "json"
        }
    },       
    {
        "name": "getBillToList",
        "url": "/custom/BeverageAPIs_UAT/getBillToList",
        "method": "POST",
        "amplify": {
            "dataType": "json"
        }
    },
    {
        "name": "getSalesRepList",
        "url": "/custom/BeverageAPIs_UAT/getSalesRepList",
        "method": "POST",
        "amplify": {
            "dataType": "json"
        }
    },
    {
        "name": "checkPasscode",
        "url": "/custom/BeverageAPIs_UAT/checkPasscode",
        "method": "POST",
        "amplify": {
            "dataType": "json"
        }
    },      
    {
        "name": "goodsLoading",
        "url": "/custom/BeverageAPIs_UAT/goodsLoading",
        "method": "POST",
        "amplify": {
            "dataType": "json"
        }
    },    
    {
        "name": "goodsUnLoading",
        "url": "/custom/BeverageAPIs_UAT/goodsUnLoading",
        "method": "POST",
        "amplify": {
            "dataType": "json"
        }
    },
    {
        "name": "confirmGoodsLoading",
        "url": "/custom/BeverageAPIs_UAT/confirmGoodsLoading",
        "method": "POST",
        "amplify": {
            "dataType": "json"
        }
    },
    {
        "name": "logEvents",
        "url": "/custom/BeverageAPIs_UAT/logEvents",
        "method": "POST",
        "amplify": {
            "dataType": "json"
        }
    },
    {
        "name": "getFailedOrder",
        "url": "/custom/BeverageAPIs_UAT/getFailedOrder",
        "method": "POST",
        "amplify": {
            "dataType": "json"
        }
    },
    {
        "name": "cancelFailedOrder",
        "url": "/custom/BeverageAPIs_UAT/cancelFailedOrder",
        "method": "POST",
        "amplify": {
            "dataType": "json"
        }
    },
    {
        "name": "reInitiateOrder",
        "url": "/custom/BeverageAPIs_UAT/reInitiateOrder",
        "method": "POST",
        "amplify": {
            "dataType": "json"
        }
    },
    {
        "name": "updateReadDNRMA",
        "url": "/custom/BeverageAPIs_UAT/updateReadDNRMA",
        "method": "POST",
        "amplify": {
            "dataType": "json"
        }
    },
    {
        "name": "createVisitation",
        "url": "/custom/BeverageAPIs_UAT/createVisitation",
        "method": "POST",
        "amplify": {
            "dataType": "json"
        }
    },
    {
        "name": "updateVisitation",
        "url": "/custom/BeverageAPIs_UAT/updateVisitation",
        "method": "POST",
        "amplify": {
            "dataType": "json"
        }
    }, 
    {
        "name": "getVisitationList",
        "url": "/custom/BeverageAPIs_UAT/getVisitationList",
        "method": "POST",
        "amplify": {
            "dataType": "json"
        }
    },
    {
        "name": "addVans",
        "url": "/custom/BeverageAPIs_UAT/addVans",
        "method": "POST",
        "amplify": {
            "dataType": "json"
        }
    },
    {
        "name": "getAllVans",
        "url": "/custom/BeverageAPIs_UAT/getAllVans",
        "method": "POST",
        "amplify": {
            "dataType": "json"
        }
    },
    {
        "name": "getModifierDetails",
        "url": "/custom/BeverageAPIs_UAT/getModifierDetails",
        "method": "POST",
        "amplify": {
            "dataType": "json"
        }
    },
    {
        "name": "getLOVService",
        "url": "/custom/BeverageAPIs_UAT/getLOVService",
        "method": "POST",
        "amplify": {
            "dataType": "json"
        }
    },
    {
        "name": "getRouteLOVService",
        "url": "/custom/BeverageAPIs_UAT/getRouteLOVService",
        "method": "POST",
        "amplify": {
            "dataType": "json"
        }
    },
    {
        "name": "getShipmentLOVService",
        "url": "/custom/BeverageAPIs_UAT/getShipmentLOVService",
        "method": "POST",
        "amplify": {
            "dataType": "json"
        }
    },
    {
        "name": "searchLogisticsSchedule",
        "url": "/custom/BeverageAPIs_UAT/searchLogisticsSchedule",
        "method": "POST",
        "amplify": {
            "dataType": "json"
        }
    },
    {
        "name": "searchNonWorkingDate",
        "url": "/custom/BeverageAPIs_UAT/searchNonWorkingDate",
        "method": "POST",
        "amplify": {
            "dataType": "json"
        }
    },
    {
        "name": "searchRouteCutoff",
        "url": "/custom/BeverageAPIs_UAT/searchRouteCutoff",
        "method": "POST",
        "amplify": {
            "dataType": "json"
        }
    },
    {
        "name": "searchRouteEarlierCutoff",
        "url": "/custom/BeverageAPIs_UAT/searchRouteEarlierCutoff",
        "method": "POST",
        "amplify": {
            "dataType": "json"
        }
    },
    {
        "name": "updateLogisticsSchedule",
        "url": "/custom/BeverageAPIs_UAT/updateLogisticsSchedule",
        "method": "POST",
        "amplify": {
            "dataType": "json"
        }
    },
    {
        "name": "updateNonWorkingDate",
        "url": "/custom/BeverageAPIs_UAT/updateNonWorkingDate",
        "method": "POST",
        "amplify": {
            "dataType": "json"
        }
    },
    {
        "name": "updateRouteCutoff",
        "url": "/custom/BeverageAPIs_UAT/updateRouteCutoff",
        "method": "POST",
        "amplify": {
            "dataType": "json"
        }
    },
    {
        "name": "updateRouteEarlierCutoff",
        "url": "/custom/BeverageAPIs_UAT/updateRouteEarlierCutoff",
        "method": "POST",
        "amplify": {
            "dataType": "json"
        }
    },
    {
        "name": "getAllPrinters",
        "url": "/custom/BeverageAPIs_UAT/getAllPrinters",
        "method": "GET",
        "amplify": {
            "dataType": "json"
        }
    },
    {
        "name": "getMaintenance",
        "url": "/custom/BeverageAPIs_UAT/getMaintenance",
        "method": "GET",
        "amplify": {
            "dataType": "json"
        }
    } 
]
