[
    {
        "name": "verifyLogin",
        "url": "/platform/users/login",
        "method": "GET",
        "amplify": {
            "dataType": "json"
        }
    },
    {
        "name": "login",
        "url": "/platform/users/{id}",
        "method": "GET",
        "amplify": {
            "dataType": "json"
        }
    },
    {
        "name": "registerDevice",
        "url": "/platform/devices/register",
        "method": "POST",
        "amplify": {
            "dataType": "json"
        }
    },
    {
        "name": "getCustomers",
        "url": "/custom/BeverageAPIs_PRD/getCustomers",
        "method": "POST",
        "amplify": {
            "dataType": "json"
        }
    },
    {
        "name": "getCustomersTest",
        "url": "/custom/BeverageAPIs_PRD/getCustomersTest",
        "method": "POST",
        "amplify": {
            "dataType": "json"
        }
    },
    {
        "name": "getOrders",
        "url": "/custom/BeverageAPIs_PRD/getOrders",
        "method": "POST",
        "amplify": {
            "dataType": "json"
        }
    },
    {
        "name": "getOrderLines",
        "url": "/custom/BeverageAPIs_PRD/getOrderLines",
        "method": "POST",
        "amplify": {
            "dataType": "json"
        }
    },
    {
        "name": "getPriceList",
        "url": "/custom/BeverageAPIs_PRD/getPriceList",
        "method": "POST",
        "amplify": {
            "dataType": "json"
        }
    },
    {
        "name": "validateSalesOrder",
        "url": "/custom/BeverageAPIs_PRD/validateOrder",
        "method": "POST",
        "amplify": {
            "dataType": "json"
        }
    },
    {
        "name": "getSalesCustomer",
        "url": "/custom/BeverageAPIs_PRD/getSalesCustomer",
        "method": "POST",
        "amplify": {
            "dataType": "json"
        }
    },
    {
        "name": "createWineOrderService",
        "url": "/custom/BeverageAPIs_PRD/createWineOrderService",
        "method": "POST",
        "amplify": {
            "dataType": "json"
        }
    },
    {
        "name": "createBeerOrderService",
        "url": "/custom/BeverageAPIs_PRD/createBeerOrderService",
        "method": "POST",
        "amplify": {
            "dataType": "json"
        }
    },
    {
        "name": "createBeerOrderSyncService",
        "url": "/custom/BeverageAPIs_PRD/createBeerOrderSyncService",
        "method": "POST",
        "amplify": {
            "dataType": "json"
        }
    },     
    {
        "name": "getItemOnHandByItem",
        "url": "/custom/BeverageAPIs_PRD/getItemOnHandByItem",
        "method": "POST",
        "amplify": {
            "dataType": "json"
        }
    },
    {
        "name": "getItemOnHandByItemLot",
        "url": "/custom/BeverageAPIs_PRD/getItemOnHandByItemLot",
        "method": "POST",
        "amplify": {
            "dataType": "json"
        }
    },
    {
        "name": "getItemLot",
        "url": "/custom/BeverageAPIs_PRD/getItemLot",
        "method": "POST",
        "amplify": {
            "dataType": "json"
        }
    },
    {
        "name": "getSubInventory",
        "url": "/custom/BeverageAPIs_PRD/getSubInventory",
        "method": "POST",
        "amplify": {
            "dataType": "json"
        }
    },
    {
        "name": "getItemReservationDetails",
        "url": "/custom/BeverageAPIs_PRD/getItemReservationDetails",
        "method": "POST",
        "amplify": {
            "dataType": "json"
        }
    },
    {
        "name": "getQuotation",
        "url": "/custom/BeverageAPIs_PRD/getQuotation",
        "method": "POST",
        "amplify": {
            "dataType": "json"
        }
    },
    {
        "name": "getQuotationLine",
        "url": "/custom/BeverageAPIs_PRD/getQuotationLine",
        "method": "POST",
        "amplify": {
            "dataType": "json"
        }
    },  
    {
        "name": "getShipmentMethod",
        "url": "/custom/BeverageAPIs_PRD/getShipmentMethod",
        "method": "POST",
        "amplify": {
            "dataType": "json"
        }
    },  
    {
        "name": "getCustomerAging",
        "url": "/custom/BeverageAPIs_PRD/getCustomerAging",
        "method": "POST",
        "amplify": {
            "dataType": "json"
        }
    },    
    {
        "name": "createVanOrder",
        "url": "/custom/BeverageAPIs_PRD/createVanOrder",
        "method": "POST",
        "amplify": {
            "dataType": "json"
        }
    },     
    {
        "name": "bookSalesOrder",
        "url": "/custom/BeverageAPIs_PRD/bookSalesOrder",
        "method": "POST",
        "amplify": {
            "dataType": "json"
        }
    },  
    {
        "name": "cancelSalesOrder",
        "url": "/custom/BeverageAPIs_PRD/cancelSalesOrder",
        "method": "POST",
        "amplify": {
            "dataType": "json"
        }
    },
    {
        "name": "getDelivery",
        "url": "/custom/BeverageAPIs_PRD/getDelivery",
        "method": "POST",
        "amplify": {
            "dataType": "json"
        }
    },  
    {
        "name": "getDeliveryByCarPlate",
        "url": "/custom/BeverageAPIs_PRD/getDeliveryByCarPlate",
        "method": "POST",
        "amplify": {
            "dataType": "json"
        }
    },  
    {
        "name": "getDeliveryDetail",
        "url": "/custom/BeverageAPIs_PRD/getDeliveryDetail",
        "method": "POST",
        "amplify": {
            "dataType": "json"
        }
    },  
    {
        "name": "getSalesByCustomer",
        "url": "/custom/BeverageAPIs_PRD/getSalesByCustomer",
        "method": "POST",
        "amplify": {
            "dataType": "json"
        }
    },  
    {
        "name": "getSalesBySalesRep",
        "url": "/custom/BeverageAPIs_PRD/getSalesBySalesRep",
        "method": "POST",
        "amplify": {
            "dataType": "json"
        }
    },
    {
        "name": "confirmDelivery",
        "url": "/custom/BeverageAPIs_PRD/confirmDelivery",
        "method": "POST",
        "amplify": {
            "dataType": "json"
        }
    },
    {
        "name": "getReceiptSummary",
        "url": "/custom/BeverageAPIs_PRD/getReceiptSummary",
        "method": "POST",
        "amplify": {
            "dataType": "json"
        }
    },      
    {
        "name": "getEarliestShipDate",
        "url": "/custom/BeverageAPIs_PRD/getEarliestShipDate",
        "method": "POST",
        "amplify": {
            "dataType": "json"
        }
    },
    {
        "name": "getEarliestShipDateByCP",
        "url": "/custom/BeverageAPIs_PRD/getEarliestShipDateByCP",
        "method": "POST",
        "amplify": {
            "dataType": "json"
        }
    },    
    {
        "name": "createQuotation",
        "url": "/custom/BeverageAPIs_PRD/createQuotation",
        "method": "POST",
        "amplify": {
            "dataType": "json"
        }
    },
    {
        "name": "getAppVersion",
        "url": "/custom/BeverageAPIs_PRD/getAppVersion",
        "method": "POST",
        "amplify": {
            "dataType": "json"
        }
    },
    {
        "name": "getInitDownload",
        "url": "/custom/BeverageAPIs_PRD/getInitDownload",
        "method": "POST",
        "amplify": {
            "dataType": "json"
        }
    },
    {
        "name": "getTopItemList",
        "url": "/custom/BeverageAPIs_PRD/getTopItemList",
        "method": "POST",
        "amplify": {
            "dataType": "json"
        }
    },
    {
        "name": "getDailyOrderSummary",
        "url": "/custom/BeverageAPIs_PRD/getDailyOrderSummary",
        "method": "POST",
        "amplify": {
            "dataType": "json"
        }
    },
    {
        "name": "getSalesTarget",
        "url": "/custom/BeverageAPIs_PRD/getSalesTarget",
        "method": "POST",
        "amplify": {
            "dataType": "json"
        }
    },
    {
        "name": "getSalesTargetByCustomer",
        "url": "/custom/BeverageAPIs_PRD/getSalesTargetByCustomer",
        "method": "POST",
        "amplify": {
            "dataType": "json"
        }
    },    
    {
        "name": "getBillToList",
        "url": "/custom/BeverageAPIs_PRD/getBillToList",
        "method": "POST",
        "amplify": {
            "dataType": "json"
        }
    },
    {
        "name": "getSalesRepList",
        "url": "/custom/BeverageAPIs_PRD/getSalesRepList",
        "method": "POST",
        "amplify": {
            "dataType": "json"
        }
    },
    {
        "name": "checkPasscode",
        "url": "/custom/BeverageAPIs_PRD/checkPasscode",
        "method": "POST",
        "amplify": {
            "dataType": "json"
        }
    },      
    {
        "name": "goodsLoading",
        "url": "/custom/BeverageAPIs_PRD/goodsLoading",
        "method": "POST",
        "amplify": {
            "dataType": "json"
        }
    },    
    {
        "name": "goodsUnLoading",
        "url": "/custom/BeverageAPIs_PRD/goodsUnLoading",
        "method": "POST",
        "amplify": {
            "dataType": "json"
        }
    },
    {
        "name": "confirmGoodsLoading",
        "url": "/custom/BeverageAPIs_PRD/confirmGoodsLoading",
        "method": "POST",
        "amplify": {
            "dataType": "json"
        }
    },
    {
        "name": "logEvents",
        "url": "/custom/BeverageAPIs_PRD/logEvents",
        "method": "POST",
        "amplify": {
            "dataType": "json"
        }
    },
    {
        "name": "getFailedOrder",
        "url": "/custom/BeverageAPIs_PRD/getFailedOrder",
        "method": "POST",
        "amplify": {
            "dataType": "json"
        }
    },
    {
        "name": "cancelFailedOrder",
        "url": "/custom/BeverageAPIs_PRD/cancelFailedOrder",
        "method": "POST",
        "amplify": {
            "dataType": "json"
        }
    },
    {
        "name": "reInitiateOrder",
        "url": "/custom/BeverageAPIs_PRD/reInitiateOrder",
        "method": "POST",
        "amplify": {
            "dataType": "json"
        }
    },
    {
        "name": "updateReadDNRMA",
        "url": "/custom/BeverageAPIs_PRD/updateReadDNRMA",
        "method": "POST",
        "amplify": {
            "dataType": "json"
        }
    },
    {
        "name": "createVisitation",
        "url": "/custom/BeverageAPIs_PRD/createVisitation",
        "method": "POST",
        "amplify": {
            "dataType": "json"
        }
    },
    {
        "name": "updateVisitation",
        "url": "/custom/BeverageAPIs_PRD/updateVisitation",
        "method": "POST",
        "amplify": {
            "dataType": "json"
        }
    }, 
    {
        "name": "getVisitationList",
        "url": "/custom/BeverageAPIs_PRD/getVisitationList",
        "method": "POST",
        "amplify": {
            "dataType": "json"
        }
    },
    {
        "name": "addVans",
        "url": "/custom/BeverageAPIs_PRD/addVans",
        "method": "POST",
        "amplify": {
            "dataType": "json"
        }
    },
    {
        "name": "getAllVans",
        "url": "/custom/BeverageAPIs_PRD/getAllVans",
        "method": "POST",
        "amplify": {
            "dataType": "json"
        }
    },
    {
        "name": "getModifierDetails",
        "url": "/custom/BeverageAPIs_PRD/getModifierDetails",
        "method": "POST",
        "amplify": {
            "dataType": "json"
        }
    },
    {
        "name": "getLOVService",
        "url": "/custom/BeverageAPIs_PRD/getLOVService",
        "method": "POST",
        "amplify": {
            "dataType": "json"
        }
    },
    {
        "name": "getRouteLOVService",
        "url": "/custom/BeverageAPIs_PRD/getRouteLOVService",
        "method": "POST",
        "amplify": {
            "dataType": "json"
        }
    },
    {
        "name": "getShipmentLOVService",
        "url": "/custom/BeverageAPIs_PRD/getShipmentLOVService",
        "method": "POST",
        "amplify": {
            "dataType": "json"
        }
    },
    {
        "name": "searchLogisticsSchedule",
        "url": "/custom/BeverageAPIs_PRD/searchLogisticsSchedule",
        "method": "POST",
        "amplify": {
            "dataType": "json"
        }
    },
    {
        "name": "searchNonWorkingDate",
        "url": "/custom/BeverageAPIs_PRD/searchNonWorkingDate",
        "method": "POST",
        "amplify": {
            "dataType": "json"
        }
    },
    {
        "name": "searchRouteCutoff",
        "url": "/custom/BeverageAPIs_PRD/searchRouteCutoff",
        "method": "POST",
        "amplify": {
            "dataType": "json"
        }
    },
    {
        "name": "searchRouteEarlierCutoff",
        "url": "/custom/BeverageAPIs_PRD/searchRouteEarlierCutoff",
        "method": "POST",
        "amplify": {
            "dataType": "json"
        }
    },
    {
        "name": "updateLogisticsSchedule",
        "url": "/custom/BeverageAPIs_PRD/updateLogisticsSchedule",
        "method": "POST",
        "amplify": {
            "dataType": "json"
        }
    },
    {
        "name": "updateNonWorkingDate",
        "url": "/custom/BeverageAPIs_PRD/updateNonWorkingDate",
        "method": "POST",
        "amplify": {
            "dataType": "json"
        }
    },
    {
        "name": "updateRouteCutoff",
        "url": "/custom/BeverageAPIs_PRD/updateRouteCutoff",
        "method": "POST",
        "amplify": {
            "dataType": "json"
        }
    },
    {
        "name": "updateRouteEarlierCutoff",
        "url": "/custom/BeverageAPIs_PRD/updateRouteEarlierCutoff",
        "method": "POST",
        "amplify": {
            "dataType": "json"
        }
    },
    {
        "name": "getAllPrinters",
        "url": "/custom/BeverageAPIs_PRD/getAllPrinters",
        "method": "GET",
        "amplify": {
            "dataType": "json"
        }
    },
    {
        "name": "getMaintenance",
        "url": "/custom/BeverageAPIs_PRD/getMaintenance",
        "method": "GET",
        "amplify": {
            "dataType": "json"
        }
    } 
]
