{
  "knockout": "libs/knockout/knockout-3.4.0",
  "mapping": "libs/knockout/knockout.mapping-latest",
  "jquery": "libs/jquery/jquery-3.1.0.min",
  "jqueryui-amd": "libs/jquery/jqueryui-amd-1.12.0.min",
  "promise": "libs/es6-promise/es6-promise.min",
  "hammerjs": "libs/hammer/hammer-2.0.8.min",
  "ojdnd": "libs/dnd-polyfill/dnd-polyfill-1.0.0.min",
  "ojs": "libs/oj/v2.2.0/min",
  "ojL10n": "libs/oj/v2.2.0/ojL10n",
  "ojtranslations": "libs/oj/v2.2.0/resources",
  "ojtranslations/nls/ojtranslations": "libs/oj/v2.2.0/resources/root/ojtranslations",
  "ojtranslations/nls/localeElements": "libs/oj/v2.2.0/resources/root/localeElements",
  "ojtranslations/nls/timezoneData": "libs/oj/v2.2.0/resources/root/timezoneData",
  "text": "libs/require/text",
  "signals": "libs/js-signals/signals.min",
  "moment": "libs/moment/moment.min",
  "mcs": "mcs/mcs",
  "mcs_config": "mcs/oracle_mobile_cloud_config",
  "mbe": "mbe/mbe",
  "json": "libs/require/json",
  "amplify": "libs/amplify/amplify.min",
  "config": "app/config",
  "pages": "app/pages",
  "util": "app/util",
  "lzstring": "libs/lz-string/lz-string.min",    
  "components": "app/components"
}
