{
  "count": 6,
  "result": [
    {
      "id": "ord-101",
      "refNo": "30053945",
      "date": "2016/11/04",
      "type": "Mixed",
      "price": 3300,
      "status": "Booked"
    },
    {
      "id": "ord-102",
      "refNo": "30033454",
      "date": "2016/11/04",
      "type": "Mixed",
      "price": 2300,
      "status": "Booked"
    },
    {
      "id": "ord-103",
      "refNo": "25878982",
      "date": "2016/11/03",
      "type": "Mixed",
      "price": 5300,
      "status": "Booked"
    },
    {
      "id": "ord-104",
      "refNo": "26053945",
      "date": "2016/11/03",
      "type": "Mixed",
      "price": 5300,
      "status": "Booked"
    },
    {
      "id": "ord-105",
      "refNo": "23487985",
      "date": "2016/11/03",
      "type": "Mixed",
      "price": 5300,
      "status": "Booked"
    },
    {
      "id": "ord-106",
      "refNo": "20137658",
      "date": "2016/11/02",
      "type": "Mixed",
      "price": 1300,
      "status": "Booked"
    }
  ]
}
