{
	"P_ORDER_TBL_ITEM": [{
			"FREIGHT_CHARGE": "0",
			"ORG_ID": "2898",
			"SHIP_TO_ORG_ID": "474577",
			"ORDER_TOT_AMT": "320",
			"INVOICE_TO_ORG_ID": "474576",
			"PARENT_NAME": "(拆家) 南昌辦館",
			"SHIP_TO_LOCATION": "-1",
			"SALESREP_ID": "100334352",
			"SHIP_TO_ADDRESS": "T/A 石硤尾南山邨南樂樓地下114號舖,,葉先生  2778 9856,,",
			"ORDER_TYPE_ID": "6658",
			"CUSTOMER_ACCOUNT_NUMBER": "8184453",
			"PAYMENT_TERM_ID": "1006",
			"BILL_TO_LOCATION": "-1",
			"SOLD_TO_ORG_ID": "12188437",
			"HEADER_FLOW_STATUS_CODE": "ENTERED",
			"PAYMENT_TERM": "COD",
			"PRICE_LIST_ID": "7050577",
			"ORDER_TYPE": "13-C0 VAN SALES ORDER",
			"CUST_PO_NUMBER": "-1",
			"BILL_TO_ADDRESS": "T/A 石硤尾南山邨南樂樓地下114號舖,,葉先生  2778 9856,,",
			"CUSTOMER_NAME": "(拆家) 南昌辦館",
			"ORDER_REMARKS": "-1",
			"ORDER_NUMBER": "10224403",
			"ORDERED_DATE": "21-FEB-2017",
			"TRANSACTIONAL_CURR_CODE": "HKD",
			"REAL_CUSTOMER": "-1",
			"OUTLET_NAME": "(拆家) 南昌辦館",
			"OE_HEADER_ID": "13035748",
                        "PAYMENT_METHOD": "CASH"
		}, {
			"FREIGHT_CHARGE": "0",
			"ORG_ID": "2898",
			"SHIP_TO_ORG_ID": "474577",
			"ORDER_TOT_AMT": "320",
			"INVOICE_TO_ORG_ID": "474576",
			"PARENT_NAME": "(拆家) 南昌辦館",
			"SHIP_TO_LOCATION": "-1",
			"SALESREP_ID": "100334352",
			"SHIP_TO_ADDRESS": "T/A 石硤尾南山邨南樂樓地下114號舖,,葉先生  2778 9856,,",
			"ORDER_TYPE_ID": "6658",
			"CUSTOMER_ACCOUNT_NUMBER": "8184453",
			"PAYMENT_TERM_ID": "1006",
			"BILL_TO_LOCATION": "-1",
			"SOLD_TO_ORG_ID": "12188437",
			"HEADER_FLOW_STATUS_CODE": "BOOKED",
			"PAYMENT_TERM": "COD",
			"PRICE_LIST_ID": "7050577",
			"ORDER_TYPE": "13-C0 VAN SALES ORDER",
			"CUST_PO_NUMBER": "-1",
			"BILL_TO_ADDRESS": "T/A 石硤尾南山邨南樂樓地下114號舖,,葉先生  2778 9856,,",
			"CUSTOMER_NAME": "(拆家) 南昌辦館",
			"ORDER_REMARKS": "-1",
			"ORDER_NUMBER": "10224402",
			"ORDERED_DATE": "21-FEB-2017",
			"TRANSACTIONAL_CURR_CODE": "HKD",
			"REAL_CUSTOMER": "-1",
			"OUTLET_NAME": "(拆家) 南昌辦館",
			"OE_HEADER_ID": "13035746",
                        "PAYMENT_METHOD": "CHEQUE"
		}, {
			"FREIGHT_CHARGE": "0",
			"ORG_ID": "2898",
			"SHIP_TO_ORG_ID": "474577",
			"ORDER_TOT_AMT": "320",
			"INVOICE_TO_ORG_ID": "474576",
			"PARENT_NAME": "(拆家) 南昌辦館",
			"SHIP_TO_LOCATION": "-1",
			"SALESREP_ID": "100334352",
			"SHIP_TO_ADDRESS": "T/A 石硤尾南山邨南樂樓地下114號舖,,葉先生  2778 9856,,",
			"ORDER_TYPE_ID": "6658",
			"CUSTOMER_ACCOUNT_NUMBER": "8184453",
			"PAYMENT_TERM_ID": "1006",
			"BILL_TO_LOCATION": "-1",
			"SOLD_TO_ORG_ID": "12188437",
			"HEADER_FLOW_STATUS_CODE": "BOOKED",
			"PAYMENT_TERM": "COD",
			"PRICE_LIST_ID": "7050577",
			"ORDER_TYPE": "13-C0 VAN SALES ORDER",
			"CUST_PO_NUMBER": "-1",
			"BILL_TO_ADDRESS": "T/A 石硤尾南山邨南樂樓地下114號舖,,葉先生  2778 9856,,",
			"CUSTOMER_NAME": "(拆家) 南昌辦館",
			"ORDER_REMARKS": "-1",
			"ORDER_NUMBER": "10224401",
			"ORDERED_DATE": "21-FEB-2017",
			"TRANSACTIONAL_CURR_CODE": "HKD",
			"REAL_CUSTOMER": "-1",
			"OUTLET_NAME": "(拆家) 南昌辦館",
			"OE_HEADER_ID": "13035744",
                        "PAYMENT_METHOD": ""
		}, {
			"FREIGHT_CHARGE": "0",
			"ORG_ID": "2898",
			"SHIP_TO_ORG_ID": "474577",
			"ORDER_TOT_AMT": "320",
			"INVOICE_TO_ORG_ID": "474576",
			"PARENT_NAME": "(拆家) 南昌辦館",
			"SHIP_TO_LOCATION": "-1",
			"SALESREP_ID": "100334352",
			"SHIP_TO_ADDRESS": "T/A 石硤尾南山邨南樂樓地下114號舖,,葉先生  2778 9856,,",
			"ORDER_TYPE_ID": "6658",
			"CUSTOMER_ACCOUNT_NUMBER": "8184453",
			"PAYMENT_TERM_ID": "1006",
			"BILL_TO_LOCATION": "-1",
			"SOLD_TO_ORG_ID": "12188437",
			"HEADER_FLOW_STATUS_CODE": "ENTERED",
			"PAYMENT_TERM": "COD",
			"PRICE_LIST_ID": "7050577",
			"ORDER_TYPE": "13-C0 VAN SALES ORDER",
			"CUST_PO_NUMBER": "-1",
			"BILL_TO_ADDRESS": "T/A 石硤尾南山邨南樂樓地下114號舖,,葉先生  2778 9856,,",
			"CUSTOMER_NAME": "(拆家) 南昌辦館",
			"ORDER_REMARKS": "-1",
			"ORDER_NUMBER": "10224400",
			"ORDERED_DATE": "21-FEB-2017",
			"TRANSACTIONAL_CURR_CODE": "HKD",
			"REAL_CUSTOMER": "-1",
			"OUTLET_NAME": "(拆家) 南昌辦館",
			"OE_HEADER_ID": "13035742",
                        "PAYMENT_METHOD": "OTHERS"
		}, {
			"FREIGHT_CHARGE": "0",
			"ORG_ID": "2898",
			"SHIP_TO_ORG_ID": "474577",
			"ORDER_TOT_AMT": "320",
			"INVOICE_TO_ORG_ID": "474576",
			"PARENT_NAME": "(拆家) 南昌辦館",
			"SHIP_TO_LOCATION": "-1",
			"SALESREP_ID": "100334352",
			"SHIP_TO_ADDRESS": "T/A 石硤尾南山邨南樂樓地下114號舖,,葉先生  2778 9856,,",
			"ORDER_TYPE_ID": "6658",
			"CUSTOMER_ACCOUNT_NUMBER": "8184453",
			"PAYMENT_TERM_ID": "1006",
			"BILL_TO_LOCATION": "-1",
			"SOLD_TO_ORG_ID": "12188437",
			"HEADER_FLOW_STATUS_CODE": "BOOKED",
			"PAYMENT_TERM": "COD",
			"PRICE_LIST_ID": "7050577",
			"ORDER_TYPE": "13-C0 VAN SALES ORDER",
			"CUST_PO_NUMBER": "-1",
			"BILL_TO_ADDRESS": "T/A 石硤尾南山邨南樂樓地下114號舖,,葉先生  2778 9856,,",
			"CUSTOMER_NAME": "(拆家) 南昌辦館",
			"ORDER_REMARKS": "-1",
			"ORDER_NUMBER": "10224399",
			"ORDERED_DATE": "21-FEB-2017",
			"TRANSACTIONAL_CURR_CODE": "HKD",
			"REAL_CUSTOMER": "-1",
			"OUTLET_NAME": "(拆家) 南昌辦館",
			"OE_HEADER_ID": "13035739",
                        "PAYMENT_METHOD": "CHEQUE"
		}, {
			"FREIGHT_CHARGE": "0",
			"ORG_ID": "2898",
			"SHIP_TO_ORG_ID": "474577",
			"ORDER_TOT_AMT": "320",
			"INVOICE_TO_ORG_ID": "474576",
			"PARENT_NAME": "(拆家) 南昌辦館",
			"SHIP_TO_LOCATION": "-1",
			"SALESREP_ID": "100334352",
			"SHIP_TO_ADDRESS": "T/A 石硤尾南山邨南樂樓地下114號舖,,葉先生  2778 9856,,",
			"ORDER_TYPE_ID": "6658",
			"CUSTOMER_ACCOUNT_NUMBER": "8184453",
			"PAYMENT_TERM_ID": "1006",
			"BILL_TO_LOCATION": "-1",
			"SOLD_TO_ORG_ID": "12188437",
			"HEADER_FLOW_STATUS_CODE": "BOOKED",
			"PAYMENT_TERM": "COD",
			"PRICE_LIST_ID": "7050577",
			"ORDER_TYPE": "13-C0 VAN SALES ORDER",
			"CUST_PO_NUMBER": "-1",
			"BILL_TO_ADDRESS": "T/A 石硤尾南山邨南樂樓地下114號舖,,葉先生  2778 9856,,",
			"CUSTOMER_NAME": "(拆家) 南昌辦館",
			"ORDER_REMARKS": "-1",
			"ORDER_NUMBER": "10224398",
			"ORDERED_DATE": "21-FEB-2017",
			"TRANSACTIONAL_CURR_CODE": "HKD",
			"REAL_CUSTOMER": "-1",
			"OUTLET_NAME": "(拆家) 南昌辦館",
			"OE_HEADER_ID": "13034737",
                        "PAYMENT_METHOD": "CHEQUE"
		}, {
			"FREIGHT_CHARGE": "0",
			"ORG_ID": "2898",
			"SHIP_TO_ORG_ID": "461611",
			"ORDER_TOT_AMT": "320",
			"INVOICE_TO_ORG_ID": "461610",
			"PARENT_NAME": "SUN YUN STORE",
			"SHIP_TO_LOCATION": "-1",
			"SALESREP_ID": "100334352",
			"SHIP_TO_ADDRESS": "SHOP 163, G/F,COMMERCIAL CTR,YUET WU VILLA,TUEN MUN,",
			"ORDER_TYPE_ID": "6658",
			"CUSTOMER_ACCOUNT_NUMBER": "8029098",
			"PAYMENT_TERM_ID": "1006",
			"BILL_TO_LOCATION": "-1",
			"SOLD_TO_ORG_ID": "8042672",
			"HEADER_FLOW_STATUS_CODE": "BOOKED",
			"PAYMENT_TERM": "COD",
			"PRICE_LIST_ID": "7050577",
			"ORDER_TYPE": "13-C0 VAN SALES ORDER",
			"CUST_PO_NUMBER": "-1",
			"BILL_TO_ADDRESS": "SHOP 163, G/F,COMMERCIAL CTR,YUET WU VILLA,TUEN MUN,",
			"CUSTOMER_NAME": "SUN YUN STORE",
			"ORDER_REMARKS": "-1",
			"ORDER_NUMBER": "10224397",
			"ORDERED_DATE": "21-FEB-2017",
			"TRANSACTIONAL_CURR_CODE": "HKD",
			"REAL_CUSTOMER": "-1",
			"OUTLET_NAME": "SUN YUN STORE",
			"OE_HEADER_ID": "13034735",
                        "PAYMENT_METHOD": "CHEQUE"
		}, {
			"FREIGHT_CHARGE": "0",
			"ORG_ID": "2898",
			"SHIP_TO_ORG_ID": "474577",
			"ORDER_TOT_AMT": "1000319",
			"INVOICE_TO_ORG_ID": "474576",
			"PARENT_NAME": "(拆家) 南昌辦館",
			"SHIP_TO_LOCATION": "-1",
			"SALESREP_ID": "100334352",
			"SHIP_TO_ADDRESS": "T/A 石硤尾南山邨南樂樓地下114號舖,,葉先生  2778 9856,,",
			"ORDER_TYPE_ID": "6658",
			"CUSTOMER_ACCOUNT_NUMBER": "8184453",
			"PAYMENT_TERM_ID": "1006",
			"BILL_TO_LOCATION": "-1",
			"SOLD_TO_ORG_ID": "12188437",
			"HEADER_FLOW_STATUS_CODE": "ENTERED",
			"PAYMENT_TERM": "COD",
			"PRICE_LIST_ID": "7050577",
			"ORDER_TYPE": "13-C0 VAN SALES ORDER",
			"CUST_PO_NUMBER": "-1",
			"BILL_TO_ADDRESS": "T/A 石硤尾南山邨南樂樓地下114號舖,,葉先生  2778 9856,,",
			"CUSTOMER_NAME": "(拆家) 南昌辦館",
			"ORDER_REMARKS": "-1",
			"ORDER_NUMBER": "10224396",
			"ORDERED_DATE": "21-FEB-2017",
			"TRANSACTIONAL_CURR_CODE": "HKD",
			"REAL_CUSTOMER": "-1",
			"OUTLET_NAME": "(拆家) 南昌辦館",
			"OE_HEADER_ID": "13034733",
                        "PAYMENT_METHOD": "CHEQUE"
		}, {
			"FREIGHT_CHARGE": "0",
			"ORG_ID": "2898",
			"SHIP_TO_ORG_ID": "474577",
			"ORDER_TOT_AMT": "1000319",
			"INVOICE_TO_ORG_ID": "474576",
			"PARENT_NAME": "(拆家) 南昌辦館",
			"SHIP_TO_LOCATION": "-1",
			"SALESREP_ID": "100334352",
			"SHIP_TO_ADDRESS": "T/A 石硤尾南山邨南樂樓地下114號舖,,葉先生  2778 9856,,",
			"ORDER_TYPE_ID": "6658",
			"CUSTOMER_ACCOUNT_NUMBER": "8184453",
			"PAYMENT_TERM_ID": "1006",
			"BILL_TO_LOCATION": "-1",
			"SOLD_TO_ORG_ID": "12188437",
			"HEADER_FLOW_STATUS_CODE": "ENTERED",
			"PAYMENT_TERM": "COD",
			"PRICE_LIST_ID": "7050577",
			"ORDER_TYPE": "13-C0 VAN SALES ORDER",
			"CUST_PO_NUMBER": "-1",
			"BILL_TO_ADDRESS": "T/A 石硤尾南山邨南樂樓地下114號舖,,葉先生  2778 9856,,",
			"CUSTOMER_NAME": "(拆家) 南昌辦館",
			"ORDER_REMARKS": "-1",
			"ORDER_NUMBER": "10224395",
			"ORDERED_DATE": "20-FEB-2017",
			"TRANSACTIONAL_CURR_CODE": "HKD",
			"REAL_CUSTOMER": "-1",
			"OUTLET_NAME": "(拆家) 南昌辦館",
			"OE_HEADER_ID": "13033735",
                        "PAYMENT_METHOD": "CHEQUE"
		}, {
			"FREIGHT_CHARGE": "0",
			"ORG_ID": "2898",
			"SHIP_TO_ORG_ID": "474577",
			"ORDER_TOT_AMT": "1000319",
			"INVOICE_TO_ORG_ID": "474576",
			"PARENT_NAME": "(拆家) 南昌辦館",
			"SHIP_TO_LOCATION": "-1",
			"SALESREP_ID": "100334352",
			"SHIP_TO_ADDRESS": "T/A 石硤尾南山邨南樂樓地下114號舖,,葉先生  2778 9856,,",
			"ORDER_TYPE_ID": "6658",
			"CUSTOMER_ACCOUNT_NUMBER": "8184453",
			"PAYMENT_TERM_ID": "1006",
			"BILL_TO_LOCATION": "-1",
			"SOLD_TO_ORG_ID": "12188437",
			"HEADER_FLOW_STATUS_CODE": "BOOKED",
			"PAYMENT_TERM": "COD",
			"PRICE_LIST_ID": "7050577",
			"ORDER_TYPE": "13-C0 VAN SALES ORDER",
			"CUST_PO_NUMBER": "-1",
			"BILL_TO_ADDRESS": "T/A 石硤尾南山邨南樂樓地下114號舖,,葉先生  2778 9856,,",
			"CUSTOMER_NAME": "(拆家) 南昌辦館",
			"ORDER_REMARKS": "-1",
			"ORDER_NUMBER": "10224394",
			"ORDERED_DATE": "20-FEB-2017",
			"TRANSACTIONAL_CURR_CODE": "HKD",
			"REAL_CUSTOMER": "-1",
			"OUTLET_NAME": "(拆家) 南昌辦館",
			"OE_HEADER_ID": "13033734",
                        "PAYMENT_METHOD": "CHEQUE"
		}
	],
	"P_ORDER_LINES_TBL_ITEM": []
}