{
  "P_PRICE_LIST_TBL_ITEM": [
    {
      "ORIG_ORG_ID": "2899",
      "MARGIN_RATIO": "35",
      "START_DATE_ACTIVE": "01-APR-2012",
      "ACTIVE_FLAG": "Y",
      "LIST_LINE_TYPE_CODE": "PLL",
      "PRODUCT_UOM_CODE": "BOT",
      "PRIMARY_UOM_FLAG": "Y",
      "OPERAND": "125",
      "UNIT_PRICE": "220",
      "CURRENCY_CODE": "HKD",
      "PL_NAME": "13-8081807_SUPERISE LIMITED",
      "PRODUCT_BRAND": "FRESCOBALDI",
      "INVENTORY_ITEM_ID": "72345",
      "DESCRIPTION": "13-8081807_SUPERISE LIMITED",
      "LIST_HEADER_ID": "790290",
      "PRODUCT": "M007|FRE105",
      "PRINCIPAL": "M007",
      "END_DATE_ACTIVE": "31-DEC-2016",
      "PRODUCT_DESCRIPTION": "FRESCOBALDI NIPOZZANO-RISERVA (75CL)"
    },
    {
      "ORIG_ORG_ID": "2899",
      "MARGIN_RATIO": "35",
      "START_DATE_ACTIVE": "01-APR-2012",
      "ACTIVE_FLAG": "Y",
      "LIST_LINE_TYPE_CODE": "PLL",
      "PRODUCT_UOM_CODE": "BOT",
      "PRIMARY_UOM_FLAG": "Y",
      "OPERAND": "315",
      "UNIT_PRICE": "220",
      "CURRENCY_CODE": "HKD",
      "PL_NAME": "13-8081807_SUPERISE LIMITED",
      "PRODUCT_BRAND": "FRESCOBALDI",
      "INVENTORY_ITEM_ID": "72357",
      "DESCRIPTION": "13-8081807_SUPERISE LIMITED",
      "LIST_HEADER_ID": "790290",
      "PRODUCT": "M007|FRE109",
      "PRINCIPAL": "M007",
      "END_DATE_ACTIVE": "31-DEC-2016",
      "PRODUCT_DESCRIPTION": "FRESCOBALDI CASTELGIOCONDO BRUNELLO DI MONTALCINO (75CL)"
    },
    {
      "ORIG_ORG_ID": "2899",
      "MARGIN_RATIO": "35",
      "START_DATE_ACTIVE": "01-DEC-2015",
      "ACTIVE_FLAG": "Y",
      "LIST_LINE_TYPE_CODE": "PLL",
      "PRODUCT_UOM_CODE": "CAS",
      "PRIMARY_UOM_FLAG": "Y",
      "OPERAND": "175",
      "UNIT_PRICE": "-1",
      
      "CURRENCY_CODE": "HKD",
      "PL_NAME": "13-8081807_SUPERISE LIMITED",
      "PRODUCT_BRAND": "SANPELLEGRINO",
      "INVENTORY_ITEM_ID": "73285",
      "DESCRIPTION": "13-8081807_SUPERISE LIMITED",
      "LIST_HEADER_ID": "790290",
      "PRODUCT": "S005|SAN0953",
      "PRINCIPAL": "S005",
      "END_DATE_ACTIVE": "30-NOV-2017",
      "PRODUCT_DESCRIPTION": "ACQUA PANNA PET 500ML X 24 BOTS"
    },
    {
      "ORIG_ORG_ID": "2899",
      "MARGIN_RATIO": "35",
      "START_DATE_ACTIVE": "01-AUG-2013",
      "ACTIVE_FLAG": "Y",
      "LIST_LINE_TYPE_CODE": "PLL",
      "PRODUCT_UOM_CODE": "BOT",
      "PRIMARY_UOM_FLAG": "Y",
      "OPERAND": "808",
      "UNIT_PRICE": "220",
      
      "CURRENCY_CODE": "HKD",
      "PL_NAME": "13-8081807_SUPERISE LIMITED",
      "PRODUCT_BRAND": "BOLLINGER",
      "INVENTORY_ITEM_ID": "76776",
      "DESCRIPTION": "13-8081807_SUPERISE LIMITED",
      "LIST_HEADER_ID": "790290",
      "PRODUCT": "C013|BOL706",
      "PRINCIPAL": "C013",
      "END_DATE_ACTIVE": "31-DEC-2016",
      "PRODUCT_DESCRIPTION": "BOLLINGER GRAND ANNEE (75CL)"
    },
    {
      "ORIG_ORG_ID": "2899",
      "MARGIN_RATIO": "35",
      "START_DATE_ACTIVE": "01-APR-2012",
      "ACTIVE_FLAG": "Y",
      "LIST_LINE_TYPE_CODE": "PLL",
      "PRODUCT_UOM_CODE": "BOT",
      "PRIMARY_UOM_FLAG": "Y",
      "OPERAND": "259",
      "UNIT_PRICE": "220",
      
      "CURRENCY_CODE": "HKD",
      "PL_NAME": "13-8081807_SUPERISE LIMITED",
      "PRODUCT_BRAND": "FRESCOBALDI",
      "INVENTORY_ITEM_ID": "77002",
      "DESCRIPTION": "13-8081807_SUPERISE LIMITED",
      "LIST_HEADER_ID": "790290",
      "PRODUCT": "M007|FRE102",
      "PRINCIPAL": "M007",
      "END_DATE_ACTIVE": "31-DEC-2016",
      "PRODUCT_DESCRIPTION": "FRESCOBALDI POMINO BENEFIZIO (75CL)"
    },
    {
      "ORIG_ORG_ID": "2899",
      "MARGIN_RATIO": "35",
      "START_DATE_ACTIVE": "01-APR-2012",
      "ACTIVE_FLAG": "Y",
      "LIST_LINE_TYPE_CODE": "PLL",
      "PRODUCT_UOM_CODE": "BOT",
      "PRIMARY_UOM_FLAG": "Y",
      "OPERAND": "483",
      "UNIT_PRICE": "220",
      
      "CURRENCY_CODE": "HKD",
      "PL_NAME": "13-8081807_SUPERISE LIMITED",
      "PRODUCT_BRAND": "PIO CESARE",
      "INVENTORY_ITEM_ID": "77063",
      "DESCRIPTION": "13-8081807_SUPERISE LIMITED",
      "LIST_HEADER_ID": "790290",
      "PRODUCT": "P009|PIO002",
      "PRINCIPAL": "P009",
      "END_DATE_ACTIVE": "31-DEC-2016",
      "PRODUCT_DESCRIPTION": "PIO CESARE BARBARESCO DOCG (75CL)"
    },
    {
      "ORIG_ORG_ID": "2899",
      "MARGIN_RATIO": "35",
      "START_DATE_ACTIVE": "01-APR-2012",
      "ACTIVE_FLAG": "Y",
      "LIST_LINE_TYPE_CODE": "PLL",
      "PRODUCT_UOM_CODE": "BOT",
      "PRIMARY_UOM_FLAG": "Y",
      "OPERAND": "275",
      "UNIT_PRICE": "220",
      
      "CURRENCY_CODE": "HKD",
      "PL_NAME": "13-8081807_SUPERISE LIMITED",
      "PRODUCT_BRAND": "PIO CESARE",
      "INVENTORY_ITEM_ID": "77068",
      "DESCRIPTION": "13-8081807_SUPERISE LIMITED",
      "LIST_HEADER_ID": "790290",
      "PRODUCT": "P009|PIO005",
      "PRINCIPAL": "P009",
      "END_DATE_ACTIVE": "31-DEC-2016",
      "PRODUCT_DESCRIPTION": "PIO CESARE PIODILEI CHARDONNAY LANGHE DOC (75CL)"
    },
    {
      "ORIG_ORG_ID": "2899",
      "MARGIN_RATIO": "35",
      "START_DATE_ACTIVE": "01-AUG-2013",
      "ACTIVE_FLAG": "Y",
      "LIST_LINE_TYPE_CODE": "PLL",
      "PRODUCT_UOM_CODE": "BOT",
      "PRIMARY_UOM_FLAG": "Y",
      "OPERAND": "520",
      "UNIT_PRICE": "220",
      
      "CURRENCY_CODE": "HKD",
      "PL_NAME": "13-8081807_SUPERISE LIMITED",
      "PRODUCT_BRAND": "PENFOLDS",
      "INVENTORY_ITEM_ID": "116701",
      "DESCRIPTION": "13-8081807_SUPERISE LIMITED",
      "LIST_HEADER_ID": "790290",
      "PRODUCT": "S041|PEN013",
      "PRINCIPAL": "S041",
      "END_DATE_ACTIVE": "31-DEC-2016",
      "PRODUCT_DESCRIPTION": "PENFOLDS ST. HENRI SHIRAZ (75CL)"
    },
    {
      "ORIG_ORG_ID": "2899",
      "MARGIN_RATIO": "35",
      "START_DATE_ACTIVE": {
        "@xsi:nil": "true"
      },
      "ACTIVE_FLAG": "Y",
      "LIST_LINE_TYPE_CODE": "PLL",
      "PRODUCT_UOM_CODE": "BOT",
      "PRIMARY_UOM_FLAG": "Y",
      "OPERAND": "575",
      "UNIT_PRICE": "220",
      
      "CURRENCY_CODE": "HKD",
      "PL_NAME": "13-8081807_SUPERISE LIMITED",
      "PRODUCT_BRAND": "PIO CESARE",
      "INVENTORY_ITEM_ID": "187976",
      "DESCRIPTION": "13-8081807_SUPERISE LIMITED",
      "LIST_HEADER_ID": "790290",
      "PRODUCT": "P009|PIO007",
      "PRINCIPAL": "P009",
      "END_DATE_ACTIVE": {
        "@xsi:nil": "true"
      },
      "PRODUCT_DESCRIPTION": "PIO CESARE BAROLO ORANTO DOCG (75CL)"
    },
    {
      "ORIG_ORG_ID": "2899",
      "MARGIN_RATIO": "35",
      "START_DATE_ACTIVE": "01-APR-2012",
      "ACTIVE_FLAG": "Y",
      "LIST_LINE_TYPE_CODE": "PLL",
      "PRODUCT_UOM_CODE": "BOT",
      "PRIMARY_UOM_FLAG": "Y",
      "OPERAND": "250",
      "UNIT_PRICE": "220",
      
      "CURRENCY_CODE": "HKD",
      "PL_NAME": "13-8081807_SUPERISE LIMITED",
      "PRODUCT_BRAND": "TAYLORS",
      "INVENTORY_ITEM_ID": "228110",
      "DESCRIPTION": "13-8081807_SUPERISE LIMITED",
      "LIST_HEADER_ID": "790290",
      "PRODUCT": "Q001|TAY002",
      "PRINCIPAL": "Q001",
      "END_DATE_ACTIVE": "31-DEC-2016",
      "PRODUCT_DESCRIPTION": "TAYLORS 10 YEAR OLD TAWNY (75CL)"
    },
    {
      "ORIG_ORG_ID": "2899",
      "MARGIN_RATIO": "35",
      "START_DATE_ACTIVE": "01-AUG-2013",
      "ACTIVE_FLAG": "Y",
      "LIST_LINE_TYPE_CODE": "PLL",
      "PRODUCT_UOM_CODE": "BOT",
      "PRIMARY_UOM_FLAG": "Y",
      "OPERAND": "494",
      "UNIT_PRICE": "220",
      
      "CURRENCY_CODE": "HKD",
      "PL_NAME": "13-8081807_SUPERISE LIMITED",
      "PRODUCT_BRAND": "TAYLORS",
      "INVENTORY_ITEM_ID": "228140",
      "DESCRIPTION": "13-8081807_SUPERISE LIMITED",
      "LIST_HEADER_ID": "790290",
      "PRODUCT": "Q001|TAY003",
      "PRINCIPAL": "Q001",
      "END_DATE_ACTIVE": "31-DEC-2016",
      "PRODUCT_DESCRIPTION": "TAYLORS 20 YEAR OLD TAWNY (75CL)"
    },
    {
      "ORIG_ORG_ID": "2899",
      "MARGIN_RATIO": "35",
      "START_DATE_ACTIVE": "01-AUG-2013",
      "ACTIVE_FLAG": "Y",
      "LIST_LINE_TYPE_CODE": "PLL",
      "PRODUCT_UOM_CODE": "BOT",
      "PRIMARY_UOM_FLAG": "Y",
      "OPERAND": "116",
      "UNIT_PRICE": "220",
      
      "CURRENCY_CODE": "HKD",
      "PL_NAME": "13-8081807_SUPERISE LIMITED",
      "PRODUCT_BRAND": "BACARDI",
      "INVENTORY_ITEM_ID": "229274",
      "DESCRIPTION": "13-8081807_SUPERISE LIMITED",
      "LIST_HEADER_ID": "790290",
      "PRODUCT": "T046|BAC001",
      "PRINCIPAL": "T046",
      "END_DATE_ACTIVE": "31-DEC-2016",
      "PRODUCT_DESCRIPTION": "BACARDI CARTA BLANCA (1L)"
    },
    {
      "ORIG_ORG_ID": "2899",
      "MARGIN_RATIO": "35",
      "START_DATE_ACTIVE": "01-APR-2012",
      "ACTIVE_FLAG": "Y",
      "LIST_LINE_TYPE_CODE": "PLL",
      "PRODUCT_UOM_CODE": "BOT",
      "PRIMARY_UOM_FLAG": "Y",
      "OPERAND": "148",
      "UNIT_PRICE": "220",
      
      "CURRENCY_CODE": "HKD",
      "PL_NAME": "13-8081807_SUPERISE LIMITED",
      "PRODUCT_BRAND": "BACARDI",
      "INVENTORY_ITEM_ID": "229304",
      "DESCRIPTION": "13-8081807_SUPERISE LIMITED",
      "LIST_HEADER_ID": "790290",
      "PRODUCT": "T046|BAC005",
      "PRINCIPAL": "T046",
      "END_DATE_ACTIVE": "31-DEC-2016",
      "PRODUCT_DESCRIPTION": "BACARDI GOLD RUM (75CL)"
    },
    {
      "ORIG_ORG_ID": "2899",
      "MARGIN_RATIO": "35",
      "START_DATE_ACTIVE": "01-AUG-2013",
      "ACTIVE_FLAG": "Y",
      "LIST_LINE_TYPE_CODE": "PLL",
      "PRODUCT_UOM_CODE": "BOT",
      "PRIMARY_UOM_FLAG": "Y",
      "OPERAND": "120",
      "UNIT_PRICE": "220",
      
      "CURRENCY_CODE": "HKD",
      "PL_NAME": "13-8081807_SUPERISE LIMITED",
      "PRODUCT_BRAND": "BOMBAY",
      "INVENTORY_ITEM_ID": "229388",
      "DESCRIPTION": "13-8081807_SUPERISE LIMITED",
      "LIST_HEADER_ID": "790290",
      "PRODUCT": "T046|BOM001",
      "PRINCIPAL": "T046",
      "END_DATE_ACTIVE": "31-DEC-2016",
      "PRODUCT_DESCRIPTION": "BOMBAY SAPPHIRE LONDON DRY GIN (1L)"
    },
    {
      "ORIG_ORG_ID": "2899",
      "MARGIN_RATIO": "35",
      "START_DATE_ACTIVE": "01-APR-2012",
      "ACTIVE_FLAG": "Y",
      "LIST_LINE_TYPE_CODE": "PLL",
      "PRODUCT_UOM_CODE": "BOT",
      "PRIMARY_UOM_FLAG": "Y",
      "OPERAND": "88",
      "UNIT_PRICE": "220",
      
      "CURRENCY_CODE": "HKD",
      "PL_NAME": "13-8081807_SUPERISE LIMITED",
      "PRODUCT_BRAND": "MARTINI",
      "INVENTORY_ITEM_ID": "229420",
      "DESCRIPTION": "13-8081807_SUPERISE LIMITED",
      "LIST_HEADER_ID": "790290",
      "PRODUCT": "T046|MAR001",
      "PRINCIPAL": "T046",
      "END_DATE_ACTIVE": "31-DEC-2016",
      "PRODUCT_DESCRIPTION": "MARTINI ROSSO VERMOUTH (1L)"
    },
    {
      "ORIG_ORG_ID": "2899",
      "MARGIN_RATIO": "35",
      "START_DATE_ACTIVE": "01-APR-2012",
      "ACTIVE_FLAG": "Y",
      "LIST_LINE_TYPE_CODE": "PLL",
      "PRODUCT_UOM_CODE": "BOT",
      "PRIMARY_UOM_FLAG": "Y",
      "OPERAND": "88",
      "UNIT_PRICE": "220",
      
      "CURRENCY_CODE": "HKD",
      "PL_NAME": "13-8081807_SUPERISE LIMITED",
      "PRODUCT_BRAND": "MARTINI",
      "INVENTORY_ITEM_ID": "229430",
      "DESCRIPTION": "13-8081807_SUPERISE LIMITED",
      "LIST_HEADER_ID": "790290",
      "PRODUCT": "T046|MAR004",
      "PRINCIPAL": "T046",
      "END_DATE_ACTIVE": "31-DEC-2016",
      "PRODUCT_DESCRIPTION": "MARTINI EXTRA DRY VERMOUTH (1L)"
    },
    {
      "ORIG_ORG_ID": "2899",
      "MARGIN_RATIO": "35",
      "START_DATE_ACTIVE": "01-APR-2012",
      "ACTIVE_FLAG": "Y",
      "LIST_LINE_TYPE_CODE": "PLL",
      "PRODUCT_UOM_CODE": "BOT",
      "PRIMARY_UOM_FLAG": "Y",
      "OPERAND": "294",
      "UNIT_PRICE": "220",
      
      "CURRENCY_CODE": "HKD",
      "PL_NAME": "13-8081807_SUPERISE LIMITED",
      "PRODUCT_BRAND": "GREY GOOSE",
      "INVENTORY_ITEM_ID": "264473",
      "DESCRIPTION": "13-8081807_SUPERISE LIMITED",
      "LIST_HEADER_ID": "790290",
      "PRODUCT": "T046|GRE001",
      "PRINCIPAL": "T046",
      "END_DATE_ACTIVE": "31-DEC-2016",
      "PRODUCT_DESCRIPTION": "GREY GOOSE ORIGINAL VODKA (70CL)"
    },
    {
      "ORIG_ORG_ID": "2899",
      "MARGIN_RATIO": "35",
      "START_DATE_ACTIVE": "01-DEC-2015",
      "ACTIVE_FLAG": "Y",
      "LIST_LINE_TYPE_CODE": "PLL",
      "PRODUCT_UOM_CODE": "CAS",
      "PRIMARY_UOM_FLAG": "Y",
      "OPERAND": "175",
      "UNIT_PRICE": "-1",
      
      "CURRENCY_CODE": "HKD",
      "PL_NAME": "13-8081807_SUPERISE LIMITED",
      "PRODUCT_BRAND": "SANPELLEGRINO",
      "INVENTORY_ITEM_ID": "283389",
      "DESCRIPTION": "13-8081807_SUPERISE LIMITED",
      "LIST_HEADER_ID": "790290",
      "PRODUCT": "S005|SAN2000",
      "PRINCIPAL": "S005",
      "END_DATE_ACTIVE": "30-NOV-2017",
      "PRODUCT_DESCRIPTION": "S. PELLEGRINO 500ML PET X 24 BOTS"
    },
    {
      "ORIG_ORG_ID": "2899",
      "MARGIN_RATIO": "35",
      "START_DATE_ACTIVE": "01-APR-2012",
      "ACTIVE_FLAG": "Y",
      "LIST_LINE_TYPE_CODE": "PLL",
      "PRODUCT_UOM_CODE": "BOT",
      "PRIMARY_UOM_FLAG": "Y",
      "OPERAND": "125",
      "UNIT_PRICE": "220",
      
      "CURRENCY_CODE": "HKD",
      "PL_NAME": "13-8081807_SUPERISE LIMITED",
      "PRODUCT_BRAND": "42 BELOW",
      "INVENTORY_ITEM_ID": "308451",
      "DESCRIPTION": "13-8081807_SUPERISE LIMITED",
      "LIST_HEADER_ID": "790290",
      "PRODUCT": "T046|BEL005",
      "PRINCIPAL": "T046",
      "END_DATE_ACTIVE": "31-DEC-2016",
      "PRODUCT_DESCRIPTION": "42 BELOW PURE VODKA (1L)"
    },
    {
      "ORIG_ORG_ID": "2899",
      "MARGIN_RATIO": "35",
      "START_DATE_ACTIVE": "01-DEC-2015",
      "ACTIVE_FLAG": "Y",
      "LIST_LINE_TYPE_CODE": "PLL",
      "PRODUCT_UOM_CODE": "CAS",
      "PRIMARY_UOM_FLAG": "Y",
      "OPERAND": "151",
      "UNIT_PRICE": "-1",
      
      "CURRENCY_CODE": "HKD",
      "PL_NAME": "13-8081807_SUPERISE LIMITED",
      "PRODUCT_BRAND": "SANPELLEGRINO",
      "INVENTORY_ITEM_ID": "335711",
      "DESCRIPTION": "13-8081807_SUPERISE LIMITED",
      "LIST_HEADER_ID": "790290",
      "PRODUCT": "S005|SAN5143",
      "PRINCIPAL": "S005",
      "END_DATE_ACTIVE": "30-NOV-2017",
      "PRODUCT_DESCRIPTION": "SANPELLEGRINO LIMONATA 200ML X 24 BOTS"
    },
    {
      "ORIG_ORG_ID": "2899",
      "MARGIN_RATIO": "35",
      "START_DATE_ACTIVE": "01-DEC-2015",
      "ACTIVE_FLAG": "Y",
      "LIST_LINE_TYPE_CODE": "PLL",
      "PRODUCT_UOM_CODE": "CAS",
      "PRIMARY_UOM_FLAG": "Y",
      "OPERAND": "151",
      "UNIT_PRICE": "-1",
      
      "CURRENCY_CODE": "HKD",
      "PL_NAME": "13-8081807_SUPERISE LIMITED",
      "PRODUCT_BRAND": "SANPELLEGRINO",
      "INVENTORY_ITEM_ID": "335713",
      "DESCRIPTION": "13-8081807_SUPERISE LIMITED",
      "LIST_HEADER_ID": "790290",
      "PRODUCT": "S005|SAN5153",
      "PRINCIPAL": "S005",
      "END_DATE_ACTIVE": "30-NOV-2017",
      "PRODUCT_DESCRIPTION": "SANPELLEGRINO POMPELMO 200ML X 24 BOTS"
    },
    {
      "ORIG_ORG_ID": "2899",
      "MARGIN_RATIO": "35",
      "START_DATE_ACTIVE": "01-DEC-2015",
      "ACTIVE_FLAG": "Y",
      "LIST_LINE_TYPE_CODE": "PLL",
      "PRODUCT_UOM_CODE": "CAS",
      "PRIMARY_UOM_FLAG": "Y",
      "OPERAND": "151",
      "UNIT_PRICE": "-1",
      
      "CURRENCY_CODE": "HKD",
      "PL_NAME": "13-8081807_SUPERISE LIMITED",
      "PRODUCT_BRAND": "SANPELLEGRINO",
      "INVENTORY_ITEM_ID": "335714",
      "DESCRIPTION": "13-8081807_SUPERISE LIMITED",
      "LIST_HEADER_ID": "790290",
      "PRODUCT": "S005|SAN5145",
      "PRINCIPAL": "S005",
      "END_DATE_ACTIVE": "30-NOV-2017",
      "PRODUCT_DESCRIPTION": "SANPELLEGRINO ARANCIATA 200ML X 24 BOTS"
    },
    {
      "ORIG_ORG_ID": "2899",
      "MARGIN_RATIO": "35",
      "START_DATE_ACTIVE": "01-DEC-2015",
      "ACTIVE_FLAG": "Y",
      "LIST_LINE_TYPE_CODE": "PLL",
      "PRODUCT_UOM_CODE": "CAS",
      "PRIMARY_UOM_FLAG": "Y",
      "OPERAND": "151",
      "UNIT_PRICE": "-1",
      
      "CURRENCY_CODE": "HKD",
      "PL_NAME": "13-8081807_SUPERISE LIMITED",
      "PRODUCT_BRAND": "SANPELLEGRINO",
      "INVENTORY_ITEM_ID": "335717",
      "DESCRIPTION": "13-8081807_SUPERISE LIMITED",
      "LIST_HEADER_ID": "790290",
      "PRODUCT": "S005|SAN5151",
      "PRINCIPAL": "S005",
      "END_DATE_ACTIVE": "30-NOV-2017",
      "PRODUCT_DESCRIPTION": "SANPELLEGRINO ARANCIATA ROSSA 200ML X 24 BOTS"
    },
    {
      "ORIG_ORG_ID": "2899",
      "MARGIN_RATIO": "35",
      "START_DATE_ACTIVE": "01-DEC-2015",
      "ACTIVE_FLAG": "Y",
      "LIST_LINE_TYPE_CODE": "PLL",
      "PRODUCT_UOM_CODE": "CAS",
      "PRIMARY_UOM_FLAG": "Y",
      "OPERAND": "151",
      "UNIT_PRICE": "-1",
      
      "CURRENCY_CODE": "HKD",
      "PL_NAME": "13-8081807_SUPERISE LIMITED",
      "PRODUCT_BRAND": "SANPELLEGRINO",
      "INVENTORY_ITEM_ID": "335720",
      "DESCRIPTION": "13-8081807_SUPERISE LIMITED",
      "LIST_HEADER_ID": "790290",
      "PRODUCT": "S005|SAN5155",
      "PRINCIPAL": "S005",
      "END_DATE_ACTIVE": "30-NOV-2017",
      "PRODUCT_DESCRIPTION": "SANPELLEGRINO MANDARINO 200ML X 24 BOTS"
    },
    {
      "ORIG_ORG_ID": "2899",
      "MARGIN_RATIO": "35",
      "START_DATE_ACTIVE": "01-DEC-2015",
      "ACTIVE_FLAG": "Y",
      "LIST_LINE_TYPE_CODE": "PLL",
      "PRODUCT_UOM_CODE": "CAS",
      "PRIMARY_UOM_FLAG": "Y",
      "OPERAND": "170",
      "UNIT_PRICE": "-1",
      
      "CURRENCY_CODE": "HKD",
      "PL_NAME": "13-8081807_SUPERISE LIMITED",
      "PRODUCT_BRAND": "SANPELLEGRINO",
      "INVENTORY_ITEM_ID": "368467",
      "DESCRIPTION": "13-8081807_SUPERISE LIMITED",
      "LIST_HEADER_ID": "790290",
      "PRODUCT": "S005|SAN1166",
      "PRINCIPAL": "S005",
      "END_DATE_ACTIVE": "30-NOV-2017",
      "PRODUCT_DESCRIPTION": "SAN PELLEGRINO LIMONATA 330ML X 24 CANS"
    },
    {
      "ORIG_ORG_ID": "2899",
      "MARGIN_RATIO": "35",
      "START_DATE_ACTIVE": "01-DEC-2015",
      "ACTIVE_FLAG": "Y",
      "LIST_LINE_TYPE_CODE": "PLL",
      "PRODUCT_UOM_CODE": "CAS",
      "PRIMARY_UOM_FLAG": "Y",
      "OPERAND": "170",
      "UNIT_PRICE": "-1",
      
      "CURRENCY_CODE": "HKD",
      "PL_NAME": "13-8081807_SUPERISE LIMITED",
      "PRODUCT_BRAND": "SANPELLEGRINO",
      "INVENTORY_ITEM_ID": "368468",
      "DESCRIPTION": "13-8081807_SUPERISE LIMITED",
      "LIST_HEADER_ID": "790290",
      "PRODUCT": "S005|SAN1167",
      "PRINCIPAL": "S005",
      "END_DATE_ACTIVE": "30-NOV-2017",
      "PRODUCT_DESCRIPTION": "SAN PELLEGRINO ARANCIATA 330ML X 24 CANS"
    },
    {
      "ORIG_ORG_ID": "2899",
      "MARGIN_RATIO": "35",
      "START_DATE_ACTIVE": "01-APR-2012",
      "ACTIVE_FLAG": "Y",
      "LIST_LINE_TYPE_CODE": "PLL",
      "PRODUCT_UOM_CODE": "BOT",
      "PRIMARY_UOM_FLAG": "Y",
      "OPERAND": "538",
      "UNIT_PRICE": "220",
      
      "CURRENCY_CODE": "HKD",
      "PL_NAME": "13-8081807_SUPERISE LIMITED",
      "PRODUCT_BRAND": "GRAND CRU WINE",
      "INVENTORY_ITEM_ID": "386892",
      "DESCRIPTION": "13-8081807_SUPERISE LIMITED",
      "LIST_HEADER_ID": "790290",
      "PRODUCT": "0000|JFW0054",
      "PRINCIPAL": "0000",
      "END_DATE_ACTIVE": "31-DEC-2016",
      "PRODUCT_DESCRIPTION": "CH. SOCIANDO MALLET 2000 (75CL)"
    },
    {
      "ORIG_ORG_ID": "2899",
      "MARGIN_RATIO": "35",
      "START_DATE_ACTIVE": "01-APR-2012",
      "ACTIVE_FLAG": "Y",
      "LIST_LINE_TYPE_CODE": "PLL",
      "PRODUCT_UOM_CODE": "BOT",
      "PRIMARY_UOM_FLAG": "Y",
      "OPERAND": "2180",
      "UNIT_PRICE": "220",
      
      "CURRENCY_CODE": "HKD",
      "PL_NAME": "13-8081807_SUPERISE LIMITED",
      "PRODUCT_BRAND": "GRAND CRU WINE",
      "INVENTORY_ITEM_ID": "386917",
      "DESCRIPTION": "13-8081807_SUPERISE LIMITED",
      "LIST_HEADER_ID": "790290",
      "PRODUCT": "0000|JFW0013",
      "PRINCIPAL": "0000",
      "END_DATE_ACTIVE": "31-DEC-2016",
      "PRODUCT_DESCRIPTION": "CH. CHEVAL BLANC 2004 (75CL)"
    },
    {
      "ORIG_ORG_ID": "2899",
      "MARGIN_RATIO": "35",
      "START_DATE_ACTIVE": "01-APR-2012",
      "ACTIVE_FLAG": "Y",
      "LIST_LINE_TYPE_CODE": "PLL",
      "PRODUCT_UOM_CODE": "BOT",
      "PRIMARY_UOM_FLAG": "Y",
      "OPERAND": "428",
      "UNIT_PRICE": "220",
      
      "CURRENCY_CODE": "HKD",
      "PL_NAME": "13-8081807_SUPERISE LIMITED",
      "PRODUCT_BRAND": "GRAND CRU WINE",
      "INVENTORY_ITEM_ID": "386923",
      "DESCRIPTION": "13-8081807_SUPERISE LIMITED",
      "LIST_HEADER_ID": "790290",
      "PRODUCT": "0000|JFW0016",
      "PRINCIPAL": "0000",
      "END_DATE_ACTIVE": "31-DEC-2016",
      "PRODUCT_DESCRIPTION": "CH. GRAND PUY LACOSTE 2003 (75CL)"
    },
    {
      "ORIG_ORG_ID": "2899",
      "MARGIN_RATIO": "35",
      "START_DATE_ACTIVE": "01-APR-2012",
      "ACTIVE_FLAG": "Y",
      "LIST_LINE_TYPE_CODE": "PLL",
      "PRODUCT_UOM_CODE": "BOT",
      "PRIMARY_UOM_FLAG": "Y",
      "OPERAND": "1088",
      "UNIT_PRICE": "220",
      
      "CURRENCY_CODE": "HKD",
      "PL_NAME": "13-8081807_SUPERISE LIMITED",
      "PRODUCT_BRAND": "GRAND CRU WINE",
      "INVENTORY_ITEM_ID": "386927",
      "DESCRIPTION": "13-8081807_SUPERISE LIMITED",
      "LIST_HEADER_ID": "790290",
      "PRODUCT": "0000|JFW0039",
      "PRINCIPAL": "0000",
      "END_DATE_ACTIVE": "31-DEC-2016",
      "PRODUCT_DESCRIPTION": "CH. LA MISSION HAUT BRION 1999 (75CL)"
    },
    {
      "ORIG_ORG_ID": "2899",
      "MARGIN_RATIO": "35",
      "START_DATE_ACTIVE": "01-APR-2012",
      "ACTIVE_FLAG": "Y",
      "LIST_LINE_TYPE_CODE": "PLL",
      "PRODUCT_UOM_CODE": "BOT",
      "PRIMARY_UOM_FLAG": "Y",
      "OPERAND": "239",
      "UNIT_PRICE": "220",
      
      "CURRENCY_CODE": "HKD",
      "PL_NAME": "13-8081807_SUPERISE LIMITED",
      "PRODUCT_BRAND": "MISHA'S VINEYARD",
      "INVENTORY_ITEM_ID": "402267",
      "DESCRIPTION": "13-8081807_SUPERISE LIMITED",
      "LIST_HEADER_ID": "790290",
      "PRODUCT": "M080|MIS001",
      "PRINCIPAL": "M080",
      "END_DATE_ACTIVE": "31-DEC-2016",
      "PRODUCT_DESCRIPTION": "MISHA'S \"THE HIGH NOTE\" PINOT NOIR (75CL)"
    },
    {
      "ORIG_ORG_ID": "2899",
      "MARGIN_RATIO": "35",
      "START_DATE_ACTIVE": "01-JUL-2013",
      "ACTIVE_FLAG": "Y",
      "LIST_LINE_TYPE_CODE": "PLL",
      "PRODUCT_UOM_CODE": "BOT",
      "PRIMARY_UOM_FLAG": "Y",
      "OPERAND": "135",
      "UNIT_PRICE": "220",
      
      "CURRENCY_CODE": "HKD",
      "PL_NAME": "13-8081807_SUPERISE LIMITED",
      "PRODUCT_BRAND": "CH D'ESCLANS",
      "INVENTORY_ITEM_ID": "405467",
      "DESCRIPTION": "13-8081807_SUPERISE LIMITED",
      "LIST_HEADER_ID": "790290",
      "PRODUCT": "L044|CAV011",
      "PRINCIPAL": "L044",
      "END_DATE_ACTIVE": "31-DEC-2016",
      "PRODUCT_DESCRIPTION": "CHATEAU DâESCLANS WHISPERING ANGEL ROSE (75CL)"
    },
    {
      "ORIG_ORG_ID": "2899",
      "MARGIN_RATIO": "35",
      "START_DATE_ACTIVE": "01-APR-2012",
      "ACTIVE_FLAG": "Y",
      "LIST_LINE_TYPE_CODE": "PLL",
      "PRODUCT_UOM_CODE": "BOT",
      "PRIMARY_UOM_FLAG": "Y",
      "OPERAND": "676",
      "UNIT_PRICE": "220",
      
      "CURRENCY_CODE": "HKD",
      "PL_NAME": "13-8081807_SUPERISE LIMITED",
      "PRODUCT_BRAND": "GRAND CRU WINE",
      "INVENTORY_ITEM_ID": "409366",
      "DESCRIPTION": "13-8081807_SUPERISE LIMITED",
      "LIST_HEADER_ID": "790290",
      "PRODUCT": "0000|JFW0183",
      "PRINCIPAL": "0000",
      "END_DATE_ACTIVE": "31-DEC-2016",
      "PRODUCT_DESCRIPTION": "CH. SMITH-HAUT-LAFITTE ROUGE 1996 (75CL)"
    },
    {
      "ORIG_ORG_ID": "2899",
      "MARGIN_RATIO": "35",
      "START_DATE_ACTIVE": "01-DEC-2015",
      "ACTIVE_FLAG": "Y",
      "LIST_LINE_TYPE_CODE": "PLL",
      "PRODUCT_UOM_CODE": "CAS",
      "PRIMARY_UOM_FLAG": "Y",
      "OPERAND": "135",
      "UNIT_PRICE": "220",
      
      "CURRENCY_CODE": "HKD",
      "PL_NAME": "13-8081807_SUPERISE LIMITED",
      "PRODUCT_BRAND": "SANPELLEGRINO",
      "INVENTORY_ITEM_ID": "411591",
      "DESCRIPTION": "13-8081807_SUPERISE LIMITED",
      "LIST_HEADER_ID": "790290",
      "PRODUCT": "S005|SAN2503X",
      "PRINCIPAL": "S005",
      "END_DATE_ACTIVE": "30-NOV-2017",
      "PRODUCT_DESCRIPTION": "S. PELLEGRINO 750ML X 12 BOTS"
    },
    {
      "ORIG_ORG_ID": "2899",
      "MARGIN_RATIO": "35",
      "START_DATE_ACTIVE": "01-DEC-2015",
      "ACTIVE_FLAG": "Y",
      "LIST_LINE_TYPE_CODE": "PLL",
      "PRODUCT_UOM_CODE": "CAS",
      "PRIMARY_UOM_FLAG": "Y",
      "OPERAND": "178",
      "UNIT_PRICE": "-1",
      
      "CURRENCY_CODE": "HKD",
      "PL_NAME": "13-8081807_SUPERISE LIMITED",
      "PRODUCT_BRAND": "SANPELLEGRINO",
      "INVENTORY_ITEM_ID": "411594",
      "DESCRIPTION": "13-8081807_SUPERISE LIMITED",
      "LIST_HEADER_ID": "790290",
      "PRODUCT": "S005|SAN1573X",
      "PRINCIPAL": "S005",
      "END_DATE_ACTIVE": "30-NOV-2017",
      "PRODUCT_DESCRIPTION": "S. PELLEGRINO 500ML X 24 BOTS"
    },
    {
      "ORIG_ORG_ID": "2899",
      "MARGIN_RATIO": "35",
      "START_DATE_ACTIVE": "01-DEC-2015",
      "ACTIVE_FLAG": "Y",
      "LIST_LINE_TYPE_CODE": "PLL",
      "PRODUCT_UOM_CODE": "CAS",
      "PRIMARY_UOM_FLAG": "Y",
      "OPERAND": "147",
      "UNIT_PRICE": "-1",
      
      "CURRENCY_CODE": "HKD",
      "PL_NAME": "13-8081807_SUPERISE LIMITED",
      "PRODUCT_BRAND": "SANPELLEGRINO",
      "INVENTORY_ITEM_ID": "411596",
      "DESCRIPTION": "13-8081807_SUPERISE LIMITED",
      "LIST_HEADER_ID": "790290",
      "PRODUCT": "S005|SAN1571X",
      "PRINCIPAL": "S005",
      "END_DATE_ACTIVE": "30-NOV-2017",
      "PRODUCT_DESCRIPTION": "S. PELLEGRINO 250ML X 24 BOTS"
    },
    {
      "ORIG_ORG_ID": "2899",
      "MARGIN_RATIO": "35",
      "START_DATE_ACTIVE": "01-AUG-2013",
      "ACTIVE_FLAG": "Y",
      "LIST_LINE_TYPE_CODE": "PLL",
      "PRODUCT_UOM_CODE": "CAS",
      "PRIMARY_UOM_FLAG": "Y",
      "OPERAND": "127",
      "UNIT_PRICE": "220",
      
      "CURRENCY_CODE": "HKD",
      "PL_NAME": "13-8081807_SUPERISE LIMITED",
      "PRODUCT_BRAND": "SANPELLEGRINO",
      "INVENTORY_ITEM_ID": "411597",
      "DESCRIPTION": "13-8081807_SUPERISE LIMITED",
      "LIST_HEADER_ID": "790290",
      "PRODUCT": "S005|SAN0918X",
      "PRINCIPAL": "S005",
      "END_DATE_ACTIVE": "31-DEC-2016",
      "PRODUCT_DESCRIPTION": "ACQUA PANNA 1000ML X 12 BOTS"
    },
    {
      "ORIG_ORG_ID": "2899",
      "MARGIN_RATIO": "35",
      "START_DATE_ACTIVE": "01-DEC-2015",
      "ACTIVE_FLAG": "Y",
      "LIST_LINE_TYPE_CODE": "PLL",
      "PRODUCT_UOM_CODE": "CAS",
      "PRIMARY_UOM_FLAG": "Y",
      "OPERAND": "135",
      "UNIT_PRICE": "220",
      
      "CURRENCY_CODE": "HKD",
      "PL_NAME": "13-8081807_SUPERISE LIMITED",
      "PRODUCT_BRAND": "SANPELLEGRINO",
      "INVENTORY_ITEM_ID": "411598",
      "DESCRIPTION": "13-8081807_SUPERISE LIMITED",
      "LIST_HEADER_ID": "790290",
      "PRODUCT": "S005|SAN2494X",
      "PRINCIPAL": "S005",
      "END_DATE_ACTIVE": "30-NOV-2017",
      "PRODUCT_DESCRIPTION": "ACQUA PANNA 750ML X 12 BOTS"
    },
    {
      "ORIG_ORG_ID": "2899",
      "MARGIN_RATIO": "35",
      "START_DATE_ACTIVE": "01-DEC-2015",
      "ACTIVE_FLAG": "Y",
      "LIST_LINE_TYPE_CODE": "PLL",
      "PRODUCT_UOM_CODE": "CAS",
      "PRIMARY_UOM_FLAG": "Y",
      "OPERAND": "178",
      "UNIT_PRICE": "-1",
      
      "CURRENCY_CODE": "HKD",
      "PL_NAME": "13-8081807_SUPERISE LIMITED",
      "PRODUCT_BRAND": "SANPELLEGRINO",
      "INVENTORY_ITEM_ID": "411599",
      "DESCRIPTION": "13-8081807_SUPERISE LIMITED",
      "LIST_HEADER_ID": "790290",
      "PRODUCT": "S005|SAN1567X",
      "PRINCIPAL": "S005",
      "END_DATE_ACTIVE": "30-NOV-2017",
      "PRODUCT_DESCRIPTION": "ACQUA PANNA 500ML X 24 BOTS"
    },
    {
      "ORIG_ORG_ID": "2899",
      "MARGIN_RATIO": "35",
      "START_DATE_ACTIVE": "01-DEC-2015",
      "ACTIVE_FLAG": "Y",
      "LIST_LINE_TYPE_CODE": "PLL",
      "PRODUCT_UOM_CODE": "CAS",
      "PRIMARY_UOM_FLAG": "Y",
      "OPERAND": "147",
      "UNIT_PRICE": "-1",
      
      "CURRENCY_CODE": "HKD",
      "PL_NAME": "13-8081807_SUPERISE LIMITED",
      "PRODUCT_BRAND": "SANPELLEGRINO",
      "INVENTORY_ITEM_ID": "411600",
      "DESCRIPTION": "13-8081807_SUPERISE LIMITED",
      "LIST_HEADER_ID": "790290",
      "PRODUCT": "S005|SAN2178X",
      "PRINCIPAL": "S005",
      "END_DATE_ACTIVE": "30-NOV-2017",
      "PRODUCT_DESCRIPTION": "ACQUA PANNA 250ML X 24 BOTS"
    },
    {
      "ORIG_ORG_ID": "2899",
      "MARGIN_RATIO": "35",
      "START_DATE_ACTIVE": "01-AUG-2013",
      "ACTIVE_FLAG": "Y",
      "LIST_LINE_TYPE_CODE": "PLL",
      "PRODUCT_UOM_CODE": "BOT",
      "PRIMARY_UOM_FLAG": "Y",
      "OPERAND": "192",
      "UNIT_PRICE": "220",
      
      "CURRENCY_CODE": "HKD",
      "PL_NAME": "13-8081807_SUPERISE LIMITED",
      "PRODUCT_BRAND": "ROSEMOUNT",
      "INVENTORY_ITEM_ID": "436727",
      "DESCRIPTION": "13-8081807_SUPERISE LIMITED",
      "LIST_HEADER_ID": "790290",
      "PRODUCT": "S041|ROS115",
      "PRINCIPAL": "S041",
      "END_DATE_ACTIVE": "31-DEC-2016",
      "PRODUCT_DESCRIPTION": "ROSEMOUNT REGIONAL SHOWCASE CHARDONNAY (75CL)"
    },
    {
      "ORIG_ORG_ID": "2899",
      "MARGIN_RATIO": "35",
      "START_DATE_ACTIVE": "01-APR-2012",
      "ACTIVE_FLAG": "Y",
      "LIST_LINE_TYPE_CODE": "PLL",
      "PRODUCT_UOM_CODE": "BOT",
      "PRIMARY_UOM_FLAG": "Y",
      "OPERAND": "195",
      "UNIT_PRICE": "220",
      
      "CURRENCY_CODE": "HKD",
      "PL_NAME": "13-8081807_SUPERISE LIMITED",
      "PRODUCT_BRAND": "42 BELOW",
      "INVENTORY_ITEM_ID": "440208",
      "DESCRIPTION": "13-8081807_SUPERISE LIMITED",
      "LIST_HEADER_ID": "790290",
      "PRODUCT": "T046|BEL007",
      "PRINCIPAL": "T046",
      "END_DATE_ACTIVE": "31-DEC-2016",
      "PRODUCT_DESCRIPTION": "42 BELOW VODKA PURE (70CL)"
    },
    {
      "ORIG_ORG_ID": "2899",
      "MARGIN_RATIO": "35",
      "START_DATE_ACTIVE": "01-APR-2012",
      "ACTIVE_FLAG": "Y",
      "LIST_LINE_TYPE_CODE": "PLL",
      "PRODUCT_UOM_CODE": "BOT",
      "PRIMARY_UOM_FLAG": "Y",
      "OPERAND": "190",
      "UNIT_PRICE": "220",
      
      "CURRENCY_CODE": "HKD",
      "PL_NAME": "13-8081807_SUPERISE LIMITED",
      "PRODUCT_BRAND": "42 BELOW",
      "INVENTORY_ITEM_ID": "1131238",
      "DESCRIPTION": "13-8081807_SUPERISE LIMITED",
      "LIST_HEADER_ID": "790290",
      "PRODUCT": "T046|BEL009",
      "PRINCIPAL": "T046",
      "END_DATE_ACTIVE": "31-DEC-2016",
      "PRODUCT_DESCRIPTION": "42 BELOW PASSIONFRUIT VODKA (70CL)"
    },
    {
      "ORIG_ORG_ID": "2899",
      "MARGIN_RATIO": "35",
      "START_DATE_ACTIVE": "01-DEC-2015",
      "ACTIVE_FLAG": "Y",
      "LIST_LINE_TYPE_CODE": "PLL",
      "PRODUCT_UOM_CODE": "CAS",
      "PRIMARY_UOM_FLAG": "Y",
      "OPERAND": "170",
      "UNIT_PRICE": "-1",
      
      "CURRENCY_CODE": "HKD",
      "PL_NAME": "13-8081807_SUPERISE LIMITED",
      "PRODUCT_BRAND": "SANPELLEGRINO",
      "INVENTORY_ITEM_ID": "1417256",
      "DESCRIPTION": "13-8081807_SUPERISE LIMITED",
      "LIST_HEADER_ID": "790290",
      "PRODUCT": "S005|SAN1168",
      "PRINCIPAL": "S005",
      "END_DATE_ACTIVE": "30-NOV-2017",
      "PRODUCT_DESCRIPTION": "S. PELLEGRINO ARANCIATA ROSSO 330ML X 24 CANS"
    },
    {
      "ORIG_ORG_ID": "2899",
      "MARGIN_RATIO": "35",
      "START_DATE_ACTIVE": "01-AUG-2013",
      "ACTIVE_FLAG": "Y",
      "LIST_LINE_TYPE_CODE": "PLL",
      "PRODUCT_UOM_CODE": "BOT",
      "PRIMARY_UOM_FLAG": "Y",
      "OPERAND": "387",
      "UNIT_PRICE": "220",
      
      "CURRENCY_CODE": "HKD",
      "PL_NAME": "13-8081807_SUPERISE LIMITED",
      "PRODUCT_BRAND": "GULFI",
      "INVENTORY_ITEM_ID": "1792240",
      "DESCRIPTION": "13-8081807_SUPERISE LIMITED",
      "LIST_HEADER_ID": "790290",
      "PRODUCT": "A102|GUL011",
      "PRINCIPAL": "A102",
      "END_DATE_ACTIVE": "31-DEC-2016",
      "PRODUCT_DESCRIPTION": "NEROSANLORE' SICILIA I.G.T. NERO D'AVOLA (75CL)"
    },
    {
      "ORIG_ORG_ID": "2899",
      "MARGIN_RATIO": "35",
      "START_DATE_ACTIVE": "01-AUG-2013",
      "ACTIVE_FLAG": "Y",
      "LIST_LINE_TYPE_CODE": "PLL",
      "PRODUCT_UOM_CODE": "BOT",
      "PRIMARY_UOM_FLAG": "Y",
      "OPERAND": "256",
      "UNIT_PRICE": "220",
      
      "CURRENCY_CODE": "HKD",
      "PL_NAME": "13-8081807_SUPERISE LIMITED",
      "PRODUCT_BRAND": "GULFI",
      "INVENTORY_ITEM_ID": "1792246",
      "DESCRIPTION": "13-8081807_SUPERISE LIMITED",
      "LIST_HEADER_ID": "790290",
      "PRODUCT": "A102|GUL041",
      "PRINCIPAL": "A102",
      "END_DATE_ACTIVE": "31-DEC-2016",
      "PRODUCT_DESCRIPTION": "NEROBARONJ SICILIA I.G.T. NERO D'AVOLA (75CL)"
    },
    {
      "ORIG_ORG_ID": "2899",
      "MARGIN_RATIO": "35",
      "START_DATE_ACTIVE": "01-APR-2012",
      "ACTIVE_FLAG": "Y",
      "LIST_LINE_TYPE_CODE": "PLL",
      "PRODUCT_UOM_CODE": "BOT",
      "PRIMARY_UOM_FLAG": "Y",
      "OPERAND": "330",
      "UNIT_PRICE": "220",
      
      "CURRENCY_CODE": "HKD",
      "PL_NAME": "13-8081807_SUPERISE LIMITED",
      "PRODUCT_BRAND": "ST GERMAIN",
      "INVENTORY_ITEM_ID": "2719318",
      "DESCRIPTION": "13-8081807_SUPERISE LIMITED",
      "LIST_HEADER_ID": "790290",
      "PRODUCT": "T046|STG001",
      "PRINCIPAL": "T046",
      "END_DATE_ACTIVE": "31-DEC-2016",
      "PRODUCT_DESCRIPTION": "ST.GERMAIN (750ML)"
    },
    {
      "ORIG_ORG_ID": "2899",
      "MARGIN_RATIO": "35",
      "START_DATE_ACTIVE": "01-APR-2012",
      "ACTIVE_FLAG": "Y",
      "LIST_LINE_TYPE_CODE": "PLL",
      "PRODUCT_UOM_CODE": "BOT",
      "PRIMARY_UOM_FLAG": "Y",
      "OPERAND": "96",
      "UNIT_PRICE": "220",
      
      "CURRENCY_CODE": "HKD",
      "PL_NAME": "13-8081807_SUPERISE LIMITED",
      "PRODUCT_BRAND": "LION-ST.HALLETT",
      "INVENTORY_ITEM_ID": "4860253",
      "DESCRIPTION": "13-8081807_SUPERISE LIMITED",
      "LIST_HEADER_ID": "790290",
      "PRODUCT": "L056|HAL007",
      "PRINCIPAL": "L056",
      "END_DATE_ACTIVE": "31-DEC-2016",
      "PRODUCT_DESCRIPTION": "St HALLETT FAITH SHIRAZ 75CL"
    },
    {
      "ORIG_ORG_ID": "2899",
      "MARGIN_RATIO": "35",
      "START_DATE_ACTIVE": {
        "@xsi:nil": "true"
      },
      "ACTIVE_FLAG": "Y",
      "LIST_LINE_TYPE_CODE": "PLL",
      "PRODUCT_UOM_CODE": "BOT",
      "PRIMARY_UOM_FLAG": "Y",
      "OPERAND": "815",
      "UNIT_PRICE": "220",
      
      "CURRENCY_CODE": "HKD",
      "PL_NAME": "13-8081807_SUPERISE LIMITED",
      "PRODUCT_BRAND": "PIO CESARE",
      "INVENTORY_ITEM_ID": "5159249",
      "DESCRIPTION": "13-8081807_SUPERISE LIMITED",
      "LIST_HEADER_ID": "790290",
      "PRODUCT": "P009|PIO041",
      "PRINCIPAL": "P009",
      "END_DATE_ACTIVE": {
        "@xsi:nil": "true"
      },
      "PRODUCT_DESCRIPTION": "BAROLO 2000"
    },
    {
      "ORIG_ORG_ID": "2899",
      "MARGIN_RATIO": "35",
      "START_DATE_ACTIVE": "01-APR-2012",
      "ACTIVE_FLAG": "Y",
      "LIST_LINE_TYPE_CODE": "PLL",
      "PRODUCT_UOM_CODE": "BOT",
      "PRIMARY_UOM_FLAG": "Y",
      "OPERAND": "115",
      "UNIT_PRICE": "220",
      
      "CURRENCY_CODE": "HKD",
      "PL_NAME": "13-8034195_NEW WIN (HK) LTD",
      "PRODUCT_BRAND": "BACARDI",
      "INVENTORY_ITEM_ID": "229274",
      "DESCRIPTION": "13-8034195_NEW WIN (HK) LTD",
      "LIST_HEADER_ID": "789704",
      "PRODUCT": "T046|BAC001",
      "PRINCIPAL": "T046",
      "END_DATE_ACTIVE": "31-DEC-2016",
      "PRODUCT_DESCRIPTION": "BACARDI CARTA BLANCA (1L)"
    },
    {
      "ORIG_ORG_ID": "2899",
      "MARGIN_RATIO": "35",
      "START_DATE_ACTIVE": "02-APR-2012",
      "ACTIVE_FLAG": "Y",
      "LIST_LINE_TYPE_CODE": "PLL",
      "PRODUCT_UOM_CODE": "BOT",
      "PRIMARY_UOM_FLAG": "Y",
      "OPERAND": "120",
      "UNIT_PRICE": "220",
      
      "CURRENCY_CODE": "HKD",
      "PL_NAME": "13-8034195_NEW WIN (HK) LTD",
      "PRODUCT_BRAND": "CH D'ESCLANS",
      "INVENTORY_ITEM_ID": "405467",
      "DESCRIPTION": "13-8034195_NEW WIN (HK) LTD",
      "LIST_HEADER_ID": "789704",
      "PRODUCT": "L044|CAV011",
      "PRINCIPAL": "L044",
      "END_DATE_ACTIVE": {
        "@xsi:nil": "true"
      },
      "PRODUCT_DESCRIPTION": "CHATEAU DâESCLANS WHISPERING ANGEL ROSE (75CL)"
    },
    {
      "ORIG_ORG_ID": "2899",
      "MARGIN_RATIO": "35",
      "START_DATE_ACTIVE": "02-APR-2012",
      "ACTIVE_FLAG": "Y",
      "LIST_LINE_TYPE_CODE": "PLL",
      "PRODUCT_UOM_CODE": "PCE",
      "PRIMARY_UOM_FLAG": "Y",
      "OPERAND": "999999",
      "UNIT_PRICE": "220",
      
      "CURRENCY_CODE": "HKD",
      "PL_NAME": "13-8034195_NEW WIN (HK) LTD",
      "PRODUCT_BRAND": "AYALA",
      "INVENTORY_ITEM_ID": "1389238",
      "DESCRIPTION": "13-8034195_NEW WIN (HK) LTD",
      "LIST_HEADER_ID": "789704",
      "PRODUCT": "C101|AYAAD001",
      "PRINCIPAL": "C101",
      "END_DATE_ACTIVE": {
        "@xsi:nil": "true"
      },
      "PRODUCT_DESCRIPTION": "AYALA 2 GLS + 1 BLT GIFTBOX 2012"
    }
  ]
}