{
	"products": [{
			"id": "1",
			"prod_code": "BG12SP1203",
			"prod_desc": "S. Pellegrino 750ML X 12 Bots",
			"shipping_district": "Tsuen Wan",
			"delivery_status": "Pending",
			"lot": "2009",
			"sku": "BOT",
			"price": 250.00
		}, {
			"id": "2",
			"prod_code": "BG12SP1202",
			"prod_desc": "A. Pellegrino 500ML X 8 Bots",
			"shipping_district": "Tsuen Wan",
			"delivery_status": "Pending",
			"lot": "2007",
			"sku": "BOT",
			"price": 150.00
		}, {
			"id": "3",
			"prod_code": "TY12SP1202",
			"prod_desc": "GREEN TEA no 750ML X 12 Bots",
			"shipping_district": "ShaTin",
			"delivery_status": "Pending",
			"lot": "2007",
			"sku": "BOT",
			"price": 300.00
		}, {
			"id": "4",
			"prod_code": "TY12SP1203",
			"prod_desc": "BLACK TEA no 100ML X 12 Bots",
			"shipping_district": "ShaTin",
			"delivery_status": "Pending",
			"lot": "2007",
			"sku": "BOT",
			"price": 1000.00
		}, {
			"id": "5",
			"prod_code": "TY12SP1204",
			"prod_desc": "WHITE TEA no 100ML X 12 Bots",
			"shipping_district": "ShaTin",
			"delivery_status": "Pending",
			"lot": "2007",
			"sku": "BOT",
			"price": 900.00
		}, {
			"id": "6",
			"prod_code": "TY12SP1205",
			"prod_desc": "RED TEA no 200ML X 12 Bots",
			"shipping_district": "ShaTin",
			"delivery_status": "Pending",
			"lot": "2007",
			"sku": "BOT",
			"price": 800.00
		}, {
			"id": "7",
			"prod_code": "TY12SP1206",
			"prod_desc": "BLUE TEA no 200ML X 12 Bots",
			"shipping_district": "ShaTin",
			"delivery_status": "Pending",
			"lot": "2007",
			"sku": "BOT",
			"price": 700.00
		}, {
			"id": "8",
			"prod_code": "TY12SP1208",
			"prod_desc": "BLUE TEA no 200ML X 12 Bots",
			"shipping_district": "ShaTin",
			"delivery_status": "Pending",
			"lot": "2007",
			"sku": "BOT",
			"price": 700.00
		}, {
			"id": "9",
			"prod_code": "TY12SP1209",
			"prod_desc": "BLUE TEA no 200ML X 9 Bots",
			"shipping_district": "ShaTin",
			"delivery_status": "Pending",
			"lot": "2007",
			"sku": "BOT",
			"price": 700.00
		}, {
			"id": "10",
			"prod_code": "TY12SP1210",
			"prod_desc": "BLUE TEA no 200ML X 12 Bots",
			"shipping_district": "ShaTin",
			"delivery_status": "Pending",
			"lot": "2007",
			"sku": "BOT",
			"price": 700.00
		}, {
			"id": "11",
			"prod_code": "TY12SP1211",
			"prod_desc": "BLUE TEA no 200ML X 12 Bots",
			"shipping_district": "ShaTin",
			"delivery_status": "Pending",
			"lot": "2007",
			"sku": "BOT",
			"price": 700.00
		}, {
			"id": "12",
			"prod_code": "TY12SP1212",
			"prod_desc": "BLUE TEA no 200ML X 12 Bots",
			"shipping_district": "ShaTin",
			"delivery_status": "Pending",
			"lot": "2007",
			"sku": "BOT",
			"price": 700.00
		}, {
			"id": "12",
			"prod_code": "TY12SP1213",
			"prod_desc": "BLUE TEA no 200ML X 12 Bots",
			"shipping_district": "ShaTin",
			"delivery_status": "Pending",
			"lot": "2007",
			"sku": "BOT",
			"price": 700.00
		}, {
			"id": "14",
			"prod_code": "TY12SP1214",
			"prod_desc": "BLUE TEA no 200ML X 12 Bots",
			"shipping_district": "ShaTin",
			"delivery_status": "Pending",
			"lot": "2007",
			"sku": "BOT",
			"price": 700.00
		}, {
			"id": "15",
			"prod_code": "TY12SP1215",
			"prod_desc": "BLUE TEA no 200ML X 12 Bots",
			"shipping_district": "ShaTin",
			"delivery_status": "Pending",
			"lot": "2007",
			"sku": "BOT",
			"price": 700.00
		}, {
			"id": "16",
			"prod_code": "TY12SP1216",
			"prod_desc": "BLUE TEA no 200ML X 12 Bots",
			"shipping_district": "ShaTin",
			"delivery_status": "Pending",
			"lot": "2007",
			"sku": "BOT",
			"price": 700.00
		}, {
			"id": "17",
			"prod_code": "TY12SP1217",
			"prod_desc": "BLUE TEA no 200ML X 12 Bots",
			"shipping_district": "ShaTin",
			"delivery_status": "Pending",
			"lot": "2007",
			"sku": "BOT",
			"price": 700.00
		}, {
			"id": "18",
			"prod_code": "TY12SP1218",
			"prod_desc": "BLUE TEA no 200ML X 12 Bots",
			"shipping_district": "ShaTin",
			"delivery_status": "Pending",
			"lot": "2007",
			"sku": "BOT",
			"price": 700.00
		}, {
			"id": "19",
			"prod_code": "TY12SP1219",
			"prod_desc": "BLUE TEA no 200ML X 12 Bots",
			"shipping_district": "ShaTin",
			"delivery_status": "Pending",
			"lot": "2007",
			"sku": "BOT",
			"price": 700.00
		}, {
			"id": "20",
			"prod_code": "TY12SP1220",
			"prod_desc": "BLUE TEA no 200ML X 12 Bots",
			"shipping_district": "ShaTin",
			"delivery_status": "Pending",
			"lot": "2007",
			"sku": "BOT",
			"price": 700.00
		}, {
			"id": "21",
			"prod_code": "TY12SP1221",
			"prod_desc": "BLUE TEA no 200ML X 12 Bots",
			"shipping_district": "ShaTin",
			"delivery_status": "Pending",
			"lot": "2007",
			"sku": "BOT",
			"price": 700.00
		}, {
			"id": "22",
			"prod_code": "TY12SP1222",
			"prod_desc": "BLUE TEA no 200ML X 12 Bots",
			"shipping_district": "ShaTin",
			"delivery_status": "Pending",
			"lot": "2007",
			"sku": "BOT",
			"price": 700.00
		}, {
			"id": "23",
			"prod_code": "TY12SP1223",
			"prod_desc": "BLUE TEA no 200ML X 12 Bots",
			"shipping_district": "ShaTin",
			"delivery_status": "Pending",
			"lot": "2007",
			"sku": "BOT",
			"price": 700.00
		}, {
			"id": "24",
			"prod_code": "TY12SP1224",
			"prod_desc": "BLUE TEA no 200ML X 12 Bots",
			"shipping_district": "ShaTin",
			"delivery_status": "Pending",
			"lot": "2007",
			"sku": "BOT",
			"price": 700.00
		}, {
			"id": "25",
			"prod_code": "TY12SP1225",
			"prod_desc": "BLUE TEA no 200ML X 12 Bots",
			"shipping_district": "ShaTin",
			"delivery_status": "Pending",
			"lot": "2007",
			"sku": "BOT",
			"price": 700.00
		}, {
			"id": "26",
			"prod_code": "TY12SP1226",
			"prod_desc": "BLUE TEA no 200ML X 12 Bots",
			"shipping_district": "ShaTin",
			"delivery_status": "Pending",
			"lot": "2007",
			"sku": "BOT",
			"price": 700.00
		}, {
			"id": "27",
			"prod_code": "TY12SP1227",
			"prod_desc": "BLUE TEA no 200ML X 12 Bots",
			"shipping_district": "ShaTin",
			"delivery_status": "Pending",
			"lot": "2007",
			"sku": "BOT",
			"price": 700.00
		}, {
			"id": "28",
			"prod_code": "TY12SP1228",
			"prod_desc": "BLUE TEA no 200ML X 12 Bots",
			"shipping_district": "ShaTin",
			"delivery_status": "Pending",
			"lot": "2007",
			"sku": "BOT",
			"price": 700.00
		}, {
			"id": "29",
			"prod_code": "TY12SP1229",
			"prod_desc": "BLUE TEA no 200ML X 12 Bots",
			"shipping_district": "ShaTin",
			"delivery_status": "Pending",
			"lot": "2007",
			"sku": "BOT",
			"price": 700.00
		}, {
			"id": "30",
			"prod_code": "TY12SP1230",
			"prod_desc": "BLUE TEA no 200ML X 12 Bots",
			"shipping_district": "ShaTin",
			"delivery_status": "Pending",
			"lot": "2007",
			"sku": "BOT",
			"price": 700.00
		}, {
			"id": "31",
			"prod_code": "TY12SP1231",
			"prod_desc": "BLUE TEA no 200ML X 12 Bots",
			"shipping_district": "ShaTin",
			"delivery_status": "Pending",
			"lot": "2007",
			"sku": "BOT",
			"price": 700.00
		}, {
			"id": "32",
			"prod_code": "TY12SP1232",
			"prod_desc": "BLUE TEA no 200ML X 12 Bots",
			"shipping_district": "ShaTin",
			"delivery_status": "Pending",
			"lot": "2007",
			"sku": "BOT",
			"price": 700.00
		}, {
			"id": "32",
			"prod_code": "TY12SP1233",
			"prod_desc": "BLUE TEA no 200ML X 12 Bots",
			"shipping_district": "ShaTin",
			"delivery_status": "Pending",
			"lot": "2007",
			"sku": "BOT",
			"price": 700.00
		}, {
			"id": "34",
			"prod_code": "TY12SP1234",
			"prod_desc": "BLUE TEA no 200ML X 12 Bots",
			"shipping_district": "ShaTin",
			"delivery_status": "Pending",
			"lot": "2007",
			"sku": "BOT",
			"price": 700.00
		}, {
			"id": "35",
			"prod_code": "TY12SP1235",
			"prod_desc": "BLUE TEA no 200ML X 12 Bots",
			"shipping_district": "ShaTin",
			"delivery_status": "Pending",
			"lot": "2007",
			"sku": "BOT",
			"price": 700.00
		}, {
			"id": "36",
			"prod_code": "TY12SP1236",
			"prod_desc": "BLUE TEA no 200ML X 12 Bots",
			"shipping_district": "ShaTin",
			"delivery_status": "Pending",
			"lot": "2007",
			"sku": "BOT",
			"price": 700.00
		}, {
			"id": "37",
			"prod_code": "TY12SP1237",
			"prod_desc": "BLUE TEA no 200ML X 12 Bots",
			"shipping_district": "ShaTin",
			"delivery_status": "Pending",
			"lot": "2007",
			"sku": "BOT",
			"price": 700.00
		}, {
			"id": "38",
			"prod_code": "TY12SP12138",
			"prod_desc": "BLUE TEA no 200ML X 12 Bots",
			"shipping_district": "ShaTin",
			"delivery_status": "Pending",
			"lot": "2007",
			"sku": "BOT",
			"price": 700.00
		}, {
			"id": "39",
			"prod_code": "TY12SP1239",
			"prod_desc": "BLUE TEA no 200ML X 12 Bots",
			"shipping_district": "ShaTin",
			"delivery_status": "Pending",
			"lot": "2007",
			"sku": "BOT",
			"price": 700.00
		}, {
			"id": "40",
			"prod_code": "TY12SP1240",
			"prod_desc": "BLUE TEA no 200ML X 12 Bots",
			"shipping_district": "ShaTin",
			"delivery_status": "Pending",
			"lot": "2007",
			"sku": "BOT",
			"price": 700.00
		}, {
			"id": "41",
			"prod_code": "TY12SP1241",
			"prod_desc": "BLUE TEA no 200ML X 12 Bots",
			"shipping_district": "ShaTin",
			"delivery_status": "Pending",
			"lot": "2007",
			"sku": "BOT",
			"price": 700.00
		}, {
			"id": "42",
			"prod_code": "TY12SP1242",
			"prod_desc": "BLUE TEA no 200ML X 12 Bots",
			"shipping_district": "ShaTin",
			"delivery_status": "Pending",
			"lot": "2007",
			"sku": "BOT",
			"price": 700.00
		}, {
			"id": "43",
			"prod_code": "TY12SP1243",
			"prod_desc": "BLUE TEA no 200ML X 12 Bots",
			"shipping_district": "ShaTin",
			"delivery_status": "Pending",
			"lot": "2007",
			"sku": "BOT",
			"price": 700.00
		}, {
			"id": "44",
			"prod_code": "TY12SP1244",
			"prod_desc": "BLUE TEA no 200ML X 12 Bots",
			"shipping_district": "ShaTin",
			"delivery_status": "Pending",
			"lot": "2007",
			"sku": "BOT",
			"price": 700.00
		}, {
			"id": "45",
			"prod_code": "TY12SP1245",
			"prod_desc": "BLUE TEA no 200ML X 12 Bots",
			"shipping_district": "ShaTin",
			"delivery_status": "Pending",
			"lot": "2007",
			"sku": "BOT",
			"price": 700.00
		}, {
			"id": "46",
			"prod_code": "TY12SP1246",
			"prod_desc": "BLUE TEA no 200ML X 12 Bots",
			"shipping_district": "ShaTin",
			"delivery_status": "Pending",
			"lot": "2007",
			"sku": "BOT",
			"price": 700.00
		}, {
			"id": "47",
			"prod_code": "TY12SP1247",
			"prod_desc": "BLUE TEA no 200ML X 12 Bots",
			"shipping_district": "ShaTin",
			"delivery_status": "Pending",
			"lot": "2007",
			"sku": "BOT",
			"price": 700.00
		}, {
			"id": "48",
			"prod_code": "TY12SP1248",
			"prod_desc": "BLUE TEA no 200ML X 12 Bots",
			"shipping_district": "ShaTin",
			"delivery_status": "Pending",
			"lot": "2007",
			"sku": "BOT",
			"price": 700.00
		}, {
			"id": "49",
			"prod_code": "TY12SP1249",
			"prod_desc": "BLUE TEA no 200ML X 12 Bots",
			"shipping_district": "ShaTin",
			"delivery_status": "Pending",
			"lot": "2007",
			"sku": "BOT",
			"price": 700.00
		}, {
			"id": "50",
			"prod_code": "TY12SP1250",
			"prod_desc": "BLUE TEA no 200ML X 12 Bots",
			"shipping_district": "ShaTin",
			"delivery_status": "Pending",
			"lot": "2007",
			"sku": "BOT",
			"price": 700.00
		}
	]
}
