{
    "quotations": [
        {
            "id": 1,
            "quotation_no": "#254612",
            "date": "2016/11/01",
            "uom":5,
            "amount": 200,
            "remarks": "Curabitur ut auctor felis, at lacinia massa. Nulla non aliquet dolor. 1........",
            "status": "ENTER"
        },
        {
            "id": 2,
            "quotation_no": "#23245611",
            "date": "2016/10/31",
            "uom":1,
            "amount": 200,
            "remarks": "Curabitur ut auctor felis, at lacinia massa. Nulla non aliquet dolor. 2........",
            "status": "BOOKED"
        },
        {
            "id":3,
            "quotation_no": "#2234610",
            "date": "2016/10/28",
            "uom":5,
            "amount": 100,
            "remarks": "Curabitur ut auctor felis, at lacinia massa. Nulla non aliquet dolor. 3...........",
            "status": "ENTER"
        }
    ]
}

