{"P_CUSTOMER_AGING_TBL": {"P_CUSTOMER_AGING_TBL_ITEM": {
   "ORG_ID": "2899",
   "ORG_AMT": "61341",
   "BILL_TO_SITE_USE_ID": "304204",
   "AMOUNT_DUE_REMAINING": "61341",
   "CUST_ACCOUNT_ID": "8025844",
   "SHIP_TO_SITE_USE_ID": "308450",
   "OUTSTANDING_AMOUNT_EXG": "61341",
   "ONE_60_DAYS_PAST_DUE": "32449",
   "EXG_AMT": "61341",
   "APPLIED_EXG_AMT_DUE": "0",
   "BILL_TO_CUSTOMER_ID": "8025844",
   "MORE_THAN_61_DAYS_PAST_DUE": "0",
   "PARTY_NAME": "AQUA RESTAURANTS LTD",
   "ACCOUNT_NUMBER": "8019934",
   "EXG_AMOUNT_DUE_REMAINING": "61341",
   "OUTSTANDING_AMOUNT_ORG": "61341",
   "ONE_30_DAYS_PAST_DUE": "28892"
}}}