{
  "P_ORDER_TBL_ITEM": [
    {
      "ORDER_TYPE_ID": "4561",
      "ORG_ID": "2899",
      "CUSTOMER_ACCOUNT_NUMBER": "8081807",
      "PAYMENT_TERM_ID": "1013",
      "BILL_TO_LOCATION": "13-G000S 11/F, LAI SUN COMMERICAL CENTRE",
      "SOLD_TO_ORG_ID": "8109833",
      "HEADER_FLOW_STATUS_CODE": "ENTERED",
      "PAYMENT_TERM": "NET30",
      "PRICE_LIST_ID": "790290",
      "ORDER_TYPE": "13-G0 STOCK ORDER",
      "SHIP_TO_ORG_ID": "309804",
      "CUST_PO_NUMBER": "-1",
      "BILL_TO_ADDRESS": "11/F, LAI SUN COMMERICAL CENTRE,680 CHEUNG SHA WAN ROAD,CHEUNG SHA WAN,KOWLOON, TEL: 2216 5555,KLN-CHEUNG SHA WAN",
      "ORDER_TOT_AMT": "1000809",
      "CUSTOMER_NAME": "SUPERISE LIMITED",
      "INVOICE_TO_ORG_ID": "305927",
      "ORDER_REMARKS": "-1",
      "ORDER_NUMBER": "10289602",
      "ORDERED_DATE": "24-NOV-2016",
      "TRANSACTIONAL_CURR_CODE": "HKD",
      "SHIP_TO_LOCATION": "13-G000S T/A OTTO E MEZZO 81/2 BOMBANA",
      "SALESREP_ID": "100318337",
      "OE_HEADER_ID": "12825843",
      "SHIP_TO_ADDRESS": "T/A OTTO E MEZZO 81/2 BOMBANA,SHOP 202, 2/F ALEXANDRA HOUSE,18 CHATER ROAD, CENTRAL,DELIVERY TIME (10:00AM-12:00PM OR 3:00PM-6:00PM),HK-CENTRAL",
      "PAYMENT_METHOD": "CASH"
    },
    {
      "ORDER_TYPE_ID": "4561",
      "ORG_ID": "2899",
      "CUSTOMER_ACCOUNT_NUMBER": "8081807",
      "PAYMENT_TERM_ID": "1013",
      "BILL_TO_LOCATION": "13-G000S 11/F, LAI SUN COMMERICAL CENTRE",
      "SOLD_TO_ORG_ID": "8109833",
      "HEADER_FLOW_STATUS_CODE": "ENTERED",
      "PAYMENT_TERM": "NET30",
      "PRICE_LIST_ID": "790290",
      "ORDER_TYPE": "13-G0 STOCK ORDER",
      "SHIP_TO_ORG_ID": "309804",
      "CUST_PO_NUMBER": "-1",
      "BILL_TO_ADDRESS": "11/F, LAI SUN COMMERICAL CENTRE,680 CHEUNG SHA WAN ROAD,CHEUNG SHA WAN,KOWLOON, TEL: 2216 5555,KLN-CHEUNG SHA WAN",
      "ORDER_TOT_AMT": "1000809",
      "CUSTOMER_NAME": "SUPERISE LIMITED",
      "INVOICE_TO_ORG_ID": "305927",
      "ORDER_REMARKS": "-1",
      "ORDER_NUMBER": "10289601",
      "ORDERED_DATE": "24-NOV-2016",
      "TRANSACTIONAL_CURR_CODE": "HKD",
      "SHIP_TO_LOCATION": "13-G000S T/A OTTO E MEZZO 81/2 BOMBANA",
      "SALESREP_ID": "100318337",
      "OE_HEADER_ID": "12825825",
      "SHIP_TO_ADDRESS": "T/A OTTO E MEZZO 81/2 BOMBANA,SHOP 202, 2/F ALEXANDRA HOUSE,18 CHATER ROAD, CENTRAL,DELIVERY TIME (10:00AM-12:00PM OR 3:00PM-6:00PM),HK-CENTRAL",
      "PAYMENT_METHOD": "CHEQUE"
    },
    {
      "ORDER_TYPE_ID": "4561",
      "ORG_ID": "2899",
      "CUSTOMER_ACCOUNT_NUMBER": "8081807",
      "PAYMENT_TERM_ID": "1013",
      "BILL_TO_LOCATION": "13-G000S 11/F, LAI SUN COMMERICAL CENTRE",
      "SOLD_TO_ORG_ID": "8109833",
      "HEADER_FLOW_STATUS_CODE": "ENTERED",
      "PAYMENT_TERM": "NET30",
      "PRICE_LIST_ID": "790290",
      "ORDER_TYPE": "13-G0 STOCK ORDER",
      "SHIP_TO_ORG_ID": "309804",
      "CUST_PO_NUMBER": "-1",
      "BILL_TO_ADDRESS": "11/F, LAI SUN COMMERICAL CENTRE,680 CHEUNG SHA WAN ROAD,CHEUNG SHA WAN,KOWLOON, TEL: 2216 5555,KLN-CHEUNG SHA WAN",
      "ORDER_TOT_AMT": "1000809",
      "CUSTOMER_NAME": "SUPERISE LIMITED",
      "INVOICE_TO_ORG_ID": "305927",
      "ORDER_REMARKS": "-1",
      "ORDER_NUMBER": "10289600",
      "ORDERED_DATE": "24-NOV-2016",
      "TRANSACTIONAL_CURR_CODE": "HKD",
      "SHIP_TO_LOCATION": "13-G000S T/A OTTO E MEZZO 81/2 BOMBANA",
      "SALESREP_ID": "100318337",
      "OE_HEADER_ID": "12825824",
      "SHIP_TO_ADDRESS": "T/A OTTO E MEZZO 81/2 BOMBANA,SHOP 202, 2/F ALEXANDRA HOUSE,18 CHATER ROAD, CENTRAL,DELIVERY TIME (10:00AM-12:00PM OR 3:00PM-6:00PM),HK-CENTRAL",
      "PAYMENT_METHOD": "OTHERS"            
    }
  ]
}