{
	"P_ITEM_LOT_TBL": {
		"P_ITEM_LOT_TBL_ITEM": [{
				"ORG_ID": "2920",
				"ITEM_ID": "76758",
				"LOT_NUMBER": "04-SEP-2017"
			}, {
				"ORG_ID": "2920",
				"ITEM_ID": "76758",
				"LOT_NUMBER": "05-SEP-2017"
			}, {
				"ORG_ID": "2920",
				"ITEM_ID": "76758",
				"LOT_NUMBER": "06-SEP-2017"
			}, {
				"ORG_ID": "2920",
				"ITEM_ID": "76758",
				"LOT_NUMBER": "07-JUN-2017"
			}, {
				"ORG_ID": "2920",
				"ITEM_ID": "76758",
				"LOT_NUMBER": "08-AUG-2017"
			}, {
				"ORG_ID": "2920",
				"ITEM_ID": "76758",
				"LOT_NUMBER": "11-SEP-2017"
			}, {
				"ORG_ID": "2920",
				"ITEM_ID": "76758",
				"LOT_NUMBER": "12-SEP-2017"
			}, {
				"ORG_ID": "2920",
				"ITEM_ID": "76758",
				"LOT_NUMBER": "25-AUG-2017"
			}, {
				"ORG_ID": "2920",
				"ITEM_ID": "76758",
				"LOT_NUMBER": "28-JUL-2017"
			}, {
				"ORG_ID": "2920",
				"ITEM_ID": "76759",
				"LOT_NUMBER": "04-SEP-2017"
			}, {
				"ORG_ID": "2920",
				"ITEM_ID": "76759",
				"LOT_NUMBER": "11-AUG-2017"
			}, {
				"ORG_ID": "2920",
				"ITEM_ID": "76759",
				"LOT_NUMBER": "12-SEP-2017"
			}, {
				"ORG_ID": "2920",
				"ITEM_ID": "76759",
				"LOT_NUMBER": "18-JUL-2017"
			}, {
				"ORG_ID": "2920",
				"ITEM_ID": "76759",
				"LOT_NUMBER": "21-AUG-2017"
			}, {
				"ORG_ID": "2920",
				"ITEM_ID": "76759",
				"LOT_NUMBER": "26-JUN-2017"
			}, {
				"ORG_ID": "2920",
				"ITEM_ID": "76759",
				"LOT_NUMBER": "28-JUL-2017"
			}, {
				"ORG_ID": "2920",
				"ITEM_ID": "76759",
				"LOT_NUMBER": "30-AUG-2017"
			}, {
				"ORG_ID": "2920",
				"ITEM_ID": "76759",
				"LOT_NUMBER": "31-JUL-2017"
			}, {
				"ORG_ID": "2920",
				"ITEM_ID": "76760",
				"LOT_NUMBER": "01-AUG-2017"
			}, {
				"ORG_ID": "2920",
				"ITEM_ID": "76760",
				"LOT_NUMBER": "18-SEP-2017"
			}, {
				"ORG_ID": "2920",
				"ITEM_ID": "76760",
				"LOT_NUMBER": "22-JUN-2017"
			}, {
				"ORG_ID": "2920",
				"ITEM_ID": "76760",
				"LOT_NUMBER": "28-AUG-2017"
			}, {
				"ORG_ID": "2920",
				"ITEM_ID": "76760",
				"LOT_NUMBER": "29-AUG-2017"
			}, {
				"ORG_ID": "2920",
				"ITEM_ID": "76760",
				"LOT_NUMBER": "31-JUL-2017"
			}, {
				"ORG_ID": "2920",
				"ITEM_ID": "76760",
				"LOT_NUMBER": "31-MAY-2017"
			}
		]
	}
}
