{
	"P_SHIPMENT_TBL_ITEM": [{
			"CAR_PLATE_NUMBER": "-1",
			"DELIVERY_ID": "-1",
			"DELIVERY_ADDRESS": "-1",
			"DELIVERY_DATE": "2017-02-22T00:00:00.000+08:00",
			"PAYMENT_TERM": "-1",
			"OUTLET_NUMBER": "BOND",
			"DOCUMNET_TYPE": "RMA",
			"DELIVERY_NUMBER": "30053955",
			"ORDER_NUMBER": "30053955"
		}, {
			"CAR_PLATE_NUMBER": "-1",
			"DELIVERY_ID": "-1",
			"DELIVERY_ADDRESS": "-1",
			"DELIVERY_DATE": "4712-12-31T00:00:00.000+08:00",
			"PAYMENT_TERM": "-1",
			"OUTLET_NUMBER": "BOND",
			"DOCUMNET_TYPE": "RMA",
			"DELIVERY_NUMBER": "30053955",
			"ORDER_NUMBER": "30053955"
		}
	],
	"P_SHIPMENT_DETAILS_TBL_ITEM": [{
			"PRODUCT_DESC": "HOEGAARDEN 20L - KEG - EMPTY",
			"AMOUNT": "0",
			"UNIT_SELLING_PRICE": "0",
			"QTY": "4",
			"PRODUCT_NUMBER": "B095|HOE501-E",
			"DELIVERY_DETAIL_ID": "13037733",
			"LOT_NUMBER": "-1"
		}, {
			"PRODUCT_DESC": "DEPOSIT - STELLA ARTOIS 30L - KEG",
			"AMOUNT": "0",
			"UNIT_SELLING_PRICE": "50",
			"QTY": "5",
			"PRODUCT_NUMBER": "B095|STE601-D",
			"DELIVERY_DETAIL_ID": "13037733",
			"LOT_NUMBER": "-1"
		}, {
			"PRODUCT_DESC": "STELLA ARTOIS 30L - KEG - EMPTY",
			"AMOUNT": "0",
			"UNIT_SELLING_PRICE": "0",
			"QTY": "5",
			"PRODUCT_NUMBER": "B095|STE601-E",
			"DELIVERY_DETAIL_ID": "13037733",
			"LOT_NUMBER": "-1"
		}, {
			"PRODUCT_DESC": "DEPOSIT - GAS CYLINDER (CO2)",
			"AMOUNT": "0",
			"UNIT_SELLING_PRICE": "0",
			"QTY": "2",
			"PRODUCT_NUMBER": "B095|GAS001-D",
			"DELIVERY_DETAIL_ID": "13037733",
			"LOT_NUMBER": "-1"
		}, {
			"PRODUCT_DESC": "GAS CYLINDER (CO2)",
			"AMOUNT": "0",
			"UNIT_SELLING_PRICE": "0",
			"QTY": "2",
			"PRODUCT_NUMBER": "B095|GAS001",
			"DELIVERY_DETAIL_ID": "13037733",
			"LOT_NUMBER": "-1"
		}, {
			"PRODUCT_DESC": "DEPOSIT - HOEGAARDEN 20L - KEG",
			"AMOUNT": "0",
			"UNIT_SELLING_PRICE": "50",
			"QTY": "4",
			"PRODUCT_NUMBER": "B095|HOE501-D",
			"DELIVERY_DETAIL_ID": "13037733",
			"LOT_NUMBER": "-1"
		}
	],
	"P_RETURN_STATUS": "S"
}
