{
  "P_PRICE_LIST_TBL_ITEM": [
    {
      "MARGIN_RATIO": "35",
      "PRODUCT_DESCRIPTION": "NEROBARONJ SICILIA I.G.T. NERO D'AVOLA (75CL)",
      "PRODUCT_BRAND": "GULFI",
      "INVENTORY_ITEM_ID": "1792246",
      "LIST_HEADER_ID": "790290",
      "PRODUCT": "A102|GUL041",
      "PRINCIPAL": "A102",
      "PRODUCT_UOM_CODE": "BOT",
      "UNIT_PRICE": "256",
      "CURRENCY_CODE": "HKD",
      "DRAFT_BEER_FLAG": "N",
      "ORGANIZATION_ID": "2922"
    },
    {
      "MARGIN_RATIO": "35",
      "PRODUCT_DESCRIPTION": "測試 NEROSANLORE' SICILIA I.G.T. NERO D'AVOLA (75CL)",
      "PRODUCT_BRAND": "GULFI",
      "INVENTORY_ITEM_ID": "1792240",
      "LIST_HEADER_ID": "790290",
      "PRODUCT": "A102|GUL011",
      "PRINCIPAL": "A102",
      "PRODUCT_UOM_CODE": "BOT",
      "UNIT_PRICE": "387",
      "CURRENCY_CODE": "HKD",
      "DRAFT_BEER_FLAG": "N",
      "ORGANIZATION_ID": "2922"
    },
    {
      "MARGIN_RATIO": "35",
      "PRODUCT_DESCRIPTION": "BOLLINGER GRAND ANNEE (75CL)",
      "PRODUCT_BRAND": "BOLLINGER",
      "INVENTORY_ITEM_ID": "76776",
      "LIST_HEADER_ID": "790290",
      "PRODUCT": "C013|BOL706",
      "PRINCIPAL": "C013",
      "PRODUCT_UOM_CODE": "BOT",
      "UNIT_PRICE": "808",
      "CURRENCY_CODE": "HKD",
      "DRAFT_BEER_FLAG": "N",
      "ORGANIZATION_ID": "2922"
    },
    {
      "MARGIN_RATIO": "35",
      "PRODUCT_DESCRIPTION": "CHATEAU DâESCLANS WHISPERING ANGEL ROSE (75CL)",
      "PRODUCT_BRAND": "CH D'ESCLANS",
      "INVENTORY_ITEM_ID": "405467",
      "LIST_HEADER_ID": "790290",
      "PRODUCT": "L044|CAV011",
      "PRINCIPAL": "L044",
      "PRODUCT_UOM_CODE": "BOT",
      "UNIT_PRICE": "135",
      "CURRENCY_CODE": "HKD",
      "DRAFT_BEER_FLAG": "N",
      "ORGANIZATION_ID": "2922"
    },
    {
      "MARGIN_RATIO": "35",
      "PRODUCT_DESCRIPTION": "St HALLETT FAITH SHIRAZ 75CL",
      "PRODUCT_BRAND": "LION-ST.HALLETT",
      "INVENTORY_ITEM_ID": "4860253",
      "LIST_HEADER_ID": "790290",
      "PRODUCT": "L056|HAL007",
      "PRINCIPAL": "L056",
      "PRODUCT_UOM_CODE": "BOT",
      "UNIT_PRICE": "96",
      "CURRENCY_CODE": "HKD",
      "DRAFT_BEER_FLAG": "N",
      "ORGANIZATION_ID": "2922"
    },
    {
      "MARGIN_RATIO": "35",
      "PRODUCT_DESCRIPTION": "FRESCOBALDI CASTELGIOCONDO BRUNELLO DI MONTALCINO (75CL)",
      "PRODUCT_BRAND": "FRESCOBALDI",
      "INVENTORY_ITEM_ID": "72357",
      "LIST_HEADER_ID": "790290",
      "PRODUCT": "M007|FRE109",
      "PRINCIPAL": "M007",
      "PRODUCT_UOM_CODE": "BOT",
      "UNIT_PRICE": "315",
      "CURRENCY_CODE": "HKD",
      "DRAFT_BEER_FLAG": "N",
      "ORGANIZATION_ID": "2922"
    },
    {
      "MARGIN_RATIO": "35",
      "PRODUCT_DESCRIPTION": "FRESCOBALDI NIPOZZANO-RISERVA (75CL)",
      "PRODUCT_BRAND": "FRESCOBALDI",
      "INVENTORY_ITEM_ID": "72345",
      "LIST_HEADER_ID": "790290",
      "PRODUCT": "M007|FRE105",
      "PRINCIPAL": "M007",
      "PRODUCT_UOM_CODE": "BOT",
      "UNIT_PRICE": "125",
      "CURRENCY_CODE": "HKD",
      "DRAFT_BEER_FLAG": "N",
      "ORGANIZATION_ID": "2922"
    },
    {
      "MARGIN_RATIO": "35",
      "PRODUCT_DESCRIPTION": "FRESCOBALDI POMINO BENEFIZIO (75CL)",
      "PRODUCT_BRAND": "FRESCOBALDI",
      "INVENTORY_ITEM_ID": "77002",
      "LIST_HEADER_ID": "790290",
      "PRODUCT": "M007|FRE102",
      "PRINCIPAL": "M007",
      "PRODUCT_UOM_CODE": "BOT",
      "UNIT_PRICE": "259",
      "CURRENCY_CODE": "HKD",
      "DRAFT_BEER_FLAG": "N",
      "ORGANIZATION_ID": "2922"
    },
    {
      "MARGIN_RATIO": "35",
      "PRODUCT_DESCRIPTION": "MISHA'S \"THE HIGH NOTE\" PINOT NOIR (75CL)",
      "PRODUCT_BRAND": "MISHA'S VINEYARD",
      "INVENTORY_ITEM_ID": "402267",
      "LIST_HEADER_ID": "790290",
      "PRODUCT": "M080|MIS001",
      "PRINCIPAL": "M080",
      "PRODUCT_UOM_CODE": "BOT",
      "UNIT_PRICE": "239",
      "CURRENCY_CODE": "HKD",
      "DRAFT_BEER_FLAG": "N",
      "ORGANIZATION_ID": "2922"
    },
    {
      "MARGIN_RATIO": "35",
      "PRODUCT_DESCRIPTION": "BAROLO 2000",
      "PRODUCT_BRAND": "PIO CESARE",
      "INVENTORY_ITEM_ID": "5159249",
      "LIST_HEADER_ID": "790290",
      "PRODUCT": "P009|PIO041",
      "PRINCIPAL": "P009",
      "PRODUCT_UOM_CODE": "BOT",
      "UNIT_PRICE": "815",
      "CURRENCY_CODE": "HKD",
      "DRAFT_BEER_FLAG": "N",
      "ORGANIZATION_ID": "2922"
    },
    {
      "MARGIN_RATIO": "35",
      "PRODUCT_DESCRIPTION": "PIO CESARE BARBARESCO DOCG (75CL)",
      "PRODUCT_BRAND": "PIO CESARE",
      "INVENTORY_ITEM_ID": "77063",
      "LIST_HEADER_ID": "790290",
      "PRODUCT": "P009|PIO002",
      "PRINCIPAL": "P009",
      "PRODUCT_UOM_CODE": "BOT",
      "UNIT_PRICE": "483",
      "CURRENCY_CODE": "HKD",
      "DRAFT_BEER_FLAG": "N",
      "ORGANIZATION_ID": "2922"
    },
    {
      "MARGIN_RATIO": "35",
      "PRODUCT_DESCRIPTION": "PIO CESARE BAROLO ORANTO DOCG (75CL)",
      "PRODUCT_BRAND": "PIO CESARE",
      "INVENTORY_ITEM_ID": "187976",
      "LIST_HEADER_ID": "790290",
      "PRODUCT": "P009|PIO007",
      "PRINCIPAL": "P009",
      "PRODUCT_UOM_CODE": "BOT",
      "UNIT_PRICE": "575",
      "CURRENCY_CODE": "HKD",
      "DRAFT_BEER_FLAG": "N",
      "ORGANIZATION_ID": "2922"
    },
    {
      "MARGIN_RATIO": "35",
      "PRODUCT_DESCRIPTION": "PIO CESARE PIODILEI CHARDONNAY LANGHE DOC (75CL)",
      "PRODUCT_BRAND": "PIO CESARE",
      "INVENTORY_ITEM_ID": "77068",
      "LIST_HEADER_ID": "790290",
      "PRODUCT": "P009|PIO005",
      "PRINCIPAL": "P009",
      "PRODUCT_UOM_CODE": "BOT",
      "UNIT_PRICE": "275",
      "CURRENCY_CODE": "HKD",
      "DRAFT_BEER_FLAG": "N",
      "ORGANIZATION_ID": "2922"
    },
    {
      "MARGIN_RATIO": "35",
      "PRODUCT_DESCRIPTION": "TAYLORS 10 YEAR OLD TAWNY (75CL)",
      "PRODUCT_BRAND": "TAYLORS",
      "INVENTORY_ITEM_ID": "228110",
      "LIST_HEADER_ID": "790290",
      "PRODUCT": "Q001|TAY002",
      "PRINCIPAL": "Q001",
      "PRODUCT_UOM_CODE": "BOT",
      "UNIT_PRICE": "250",
      "CURRENCY_CODE": "HKD",
      "DRAFT_BEER_FLAG": "N",
      "ORGANIZATION_ID": "2922"
    },
    {
      "MARGIN_RATIO": "35",
      "PRODUCT_DESCRIPTION": "TAYLORS 20 YEAR OLD TAWNY (75CL)",
      "PRODUCT_BRAND": "TAYLORS",
      "INVENTORY_ITEM_ID": "228140",
      "LIST_HEADER_ID": "790290",
      "PRODUCT": "Q001|TAY003",
      "PRINCIPAL": "Q001",
      "PRODUCT_UOM_CODE": "BOT",
      "UNIT_PRICE": "494",
      "CURRENCY_CODE": "HKD",
      "DRAFT_BEER_FLAG": "N",
      "ORGANIZATION_ID": "2922"
    },
    {
      "MARGIN_RATIO": "35",
      "PRODUCT_DESCRIPTION": "ACQUA PANNA 1000ML X 12 BOTS",
      "PRODUCT_BRAND": "SANPELLEGRINO",
      "INVENTORY_ITEM_ID": "411597",
      "LIST_HEADER_ID": "790290",
      "PRODUCT": "S005|SAN0918X",
      "PRINCIPAL": "S005",
      "PRODUCT_UOM_CODE": "CAS",
      "UNIT_PRICE": "127",
      "CURRENCY_CODE": "HKD",
      "DRAFT_BEER_FLAG": "N",
      "ORGANIZATION_ID": "2922"
    },
    {
      "MARGIN_RATIO": "35",
      "PRODUCT_DESCRIPTION": "ACQUA PANNA 250ML X 24 BOTS",
      "PRODUCT_BRAND": "SANPELLEGRINO",
      "INVENTORY_ITEM_ID": "411600",
      "LIST_HEADER_ID": "790290",
      "PRODUCT": "S005|SAN2178X",
      "PRINCIPAL": "S005",
      "PRODUCT_UOM_CODE": "CAS",
      "UNIT_PRICE": "147",
      "CURRENCY_CODE": "HKD",
      "DRAFT_BEER_FLAG": "N",
      "ORGANIZATION_ID": "2922"
    },
    {
      "MARGIN_RATIO": "35",
      "PRODUCT_DESCRIPTION": "ACQUA PANNA 500ML X 24 BOTS",
      "PRODUCT_BRAND": "SANPELLEGRINO",
      "INVENTORY_ITEM_ID": "411599",
      "LIST_HEADER_ID": "790290",
      "PRODUCT": "S005|SAN1567X",
      "PRINCIPAL": "S005",
      "PRODUCT_UOM_CODE": "CAS",
      "UNIT_PRICE": "178",
      "CURRENCY_CODE": "HKD",
      "DRAFT_BEER_FLAG": "N",
      "ORGANIZATION_ID": "2922"
    },
    {
      "MARGIN_RATIO": "35",
      "PRODUCT_DESCRIPTION": "ACQUA PANNA 750ML X 12 BOTS",
      "PRODUCT_BRAND": "SANPELLEGRINO",
      "INVENTORY_ITEM_ID": "411598",
      "LIST_HEADER_ID": "790290",
      "PRODUCT": "S005|SAN2494X",
      "PRINCIPAL": "S005",
      "PRODUCT_UOM_CODE": "CAS",
      "UNIT_PRICE": "135",
      "CURRENCY_CODE": "HKD",
      "DRAFT_BEER_FLAG": "N",
      "ORGANIZATION_ID": "2922"
    },
    {
      "MARGIN_RATIO": "35",
      "PRODUCT_DESCRIPTION": "ACQUA PANNA PET 500ML X 24 BOTS",
      "PRODUCT_BRAND": "SANPELLEGRINO",
      "INVENTORY_ITEM_ID": "73285",
      "LIST_HEADER_ID": "790290",
      "PRODUCT": "S005|SAN0953",
      "PRINCIPAL": "S005",
      "PRODUCT_UOM_CODE": "CAS",
      "UNIT_PRICE": "175",
      "CURRENCY_CODE": "HKD",
      "DRAFT_BEER_FLAG": "N",
      "ORGANIZATION_ID": "2922"
    },
    {
      "MARGIN_RATIO": "35",
      "PRODUCT_DESCRIPTION": "S. PELLEGRINO 250ML X 24 BOTS",
      "PRODUCT_BRAND": "SANPELLEGRINO",
      "INVENTORY_ITEM_ID": "411596",
      "LIST_HEADER_ID": "790290",
      "PRODUCT": "S005|SAN1571X",
      "PRINCIPAL": "S005",
      "PRODUCT_UOM_CODE": "CAS",
      "UNIT_PRICE": "147",
      "CURRENCY_CODE": "HKD",
      "DRAFT_BEER_FLAG": "N",
      "ORGANIZATION_ID": "2922"
    },
    {
      "MARGIN_RATIO": "35",
      "PRODUCT_DESCRIPTION": "S. PELLEGRINO 500ML PET X 24 BOTS",
      "PRODUCT_BRAND": "SANPELLEGRINO",
      "INVENTORY_ITEM_ID": "283389",
      "LIST_HEADER_ID": "790290",
      "PRODUCT": "S005|SAN2000",
      "PRINCIPAL": "S005",
      "PRODUCT_UOM_CODE": "CAS",
      "UNIT_PRICE": "175",
      "CURRENCY_CODE": "HKD",
      "DRAFT_BEER_FLAG": "N",
      "ORGANIZATION_ID": "2922"
    },
    {
      "MARGIN_RATIO": "35",
      "PRODUCT_DESCRIPTION": "S. PELLEGRINO 500ML X 24 BOTS",
      "PRODUCT_BRAND": "SANPELLEGRINO",
      "INVENTORY_ITEM_ID": "411594",
      "LIST_HEADER_ID": "790290",
      "PRODUCT": "S005|SAN1573X",
      "PRINCIPAL": "S005",
      "PRODUCT_UOM_CODE": "CAS",
      "UNIT_PRICE": "178",
      "CURRENCY_CODE": "HKD",
      "DRAFT_BEER_FLAG": "N",
      "ORGANIZATION_ID": "2922"
    },
    {
      "MARGIN_RATIO": "35",
      "PRODUCT_DESCRIPTION": "S. PELLEGRINO 750ML X 12 BOTS",
      "PRODUCT_BRAND": "SANPELLEGRINO",
      "INVENTORY_ITEM_ID": "411591",
      "LIST_HEADER_ID": "790290",
      "PRODUCT": "S005|SAN2503X",
      "PRINCIPAL": "S005",
      "PRODUCT_UOM_CODE": "CAS",
      "UNIT_PRICE": "135",
      "CURRENCY_CODE": "HKD",
      "DRAFT_BEER_FLAG": "N",
      "ORGANIZATION_ID": "2922"
    },
    {
      "MARGIN_RATIO": "35",
      "PRODUCT_DESCRIPTION": "S. PELLEGRINO ARANCIATA ROSSO 330ML X 24 CANS",
      "PRODUCT_BRAND": "SANPELLEGRINO",
      "INVENTORY_ITEM_ID": "1417256",
      "LIST_HEADER_ID": "790290",
      "PRODUCT": "S005|SAN1168",
      "PRINCIPAL": "S005",
      "PRODUCT_UOM_CODE": "CAS",
      "UNIT_PRICE": "170",
      "CURRENCY_CODE": "HKD",
      "DRAFT_BEER_FLAG": "N",
      "ORGANIZATION_ID": "2922"
    },
    {
      "MARGIN_RATIO": "35",
      "PRODUCT_DESCRIPTION": "SAN PELLEGRINO ARANCIATA 330ML X 24 CANS",
      "PRODUCT_BRAND": "SANPELLEGRINO",
      "INVENTORY_ITEM_ID": "368468",
      "LIST_HEADER_ID": "790290",
      "PRODUCT": "S005|SAN1167",
      "PRINCIPAL": "S005",
      "PRODUCT_UOM_CODE": "CAS",
      "UNIT_PRICE": "170",
      "CURRENCY_CODE": "HKD",
      "DRAFT_BEER_FLAG": "N",
      "ORGANIZATION_ID": "2922"
    },
    {
      "MARGIN_RATIO": "35",
      "PRODUCT_DESCRIPTION": "SAN PELLEGRINO LIMONATA 330ML X 24 CANS",
      "PRODUCT_BRAND": "SANPELLEGRINO",
      "INVENTORY_ITEM_ID": "368467",
      "LIST_HEADER_ID": "790290",
      "PRODUCT": "S005|SAN1166",
      "PRINCIPAL": "S005",
      "PRODUCT_UOM_CODE": "CAS",
      "UNIT_PRICE": "170",
      "CURRENCY_CODE": "HKD",
      "DRAFT_BEER_FLAG": "N",
      "ORGANIZATION_ID": "2922"
    },
    {
      "MARGIN_RATIO": "35",
      "PRODUCT_DESCRIPTION": "SANPELLEGRINO ARANCIATA 200ML X 24 BOTS",
      "PRODUCT_BRAND": "SANPELLEGRINO",
      "INVENTORY_ITEM_ID": "335714",
      "LIST_HEADER_ID": "790290",
      "PRODUCT": "S005|SAN5145",
      "PRINCIPAL": "S005",
      "PRODUCT_UOM_CODE": "CAS",
      "UNIT_PRICE": "151",
      "CURRENCY_CODE": "HKD",
      "DRAFT_BEER_FLAG": "N",
      "ORGANIZATION_ID": "2922"
    },
    {
      "MARGIN_RATIO": "35",
      "PRODUCT_DESCRIPTION": "SANPELLEGRINO ARANCIATA ROSSA 200ML X 24 BOTS",
      "PRODUCT_BRAND": "SANPELLEGRINO",
      "INVENTORY_ITEM_ID": "335717",
      "LIST_HEADER_ID": "790290",
      "PRODUCT": "S005|SAN5151",
      "PRINCIPAL": "S005",
      "PRODUCT_UOM_CODE": "CAS",
      "UNIT_PRICE": "151",
      "CURRENCY_CODE": "HKD",
      "DRAFT_BEER_FLAG": "N",
      "ORGANIZATION_ID": "2922"
    },
    {
      "MARGIN_RATIO": "35",
      "PRODUCT_DESCRIPTION": "SANPELLEGRINO LIMONATA 200ML X 24 BOTS",
      "PRODUCT_BRAND": "SANPELLEGRINO",
      "INVENTORY_ITEM_ID": "335711",
      "LIST_HEADER_ID": "790290",
      "PRODUCT": "S005|SAN5143",
      "PRINCIPAL": "S005",
      "PRODUCT_UOM_CODE": "CAS",
      "UNIT_PRICE": "151",
      "CURRENCY_CODE": "HKD",
      "DRAFT_BEER_FLAG": "N",
      "ORGANIZATION_ID": "2922"
    },
    {
      "MARGIN_RATIO": "35",
      "PRODUCT_DESCRIPTION": "SANPELLEGRINO MANDARINO 200ML X 24 BOTS",
      "PRODUCT_BRAND": "SANPELLEGRINO",
      "INVENTORY_ITEM_ID": "335720",
      "LIST_HEADER_ID": "790290",
      "PRODUCT": "S005|SAN5155",
      "PRINCIPAL": "S005",
      "PRODUCT_UOM_CODE": "CAS",
      "UNIT_PRICE": "151",
      "CURRENCY_CODE": "HKD",
      "DRAFT_BEER_FLAG": "N",
      "ORGANIZATION_ID": "2922"
    },
    {
      "MARGIN_RATIO": "35",
      "PRODUCT_DESCRIPTION": "SANPELLEGRINO POMPELMO 200ML X 24 BOTS",
      "PRODUCT_BRAND": "SANPELLEGRINO",
      "INVENTORY_ITEM_ID": "335713",
      "LIST_HEADER_ID": "790290",
      "PRODUCT": "S005|SAN5153",
      "PRINCIPAL": "S005",
      "PRODUCT_UOM_CODE": "CAS",
      "UNIT_PRICE": "151",
      "CURRENCY_CODE": "HKD",
      "DRAFT_BEER_FLAG": "N",
      "ORGANIZATION_ID": "2922"
    },
    {
      "MARGIN_RATIO": "35",
      "PRODUCT_DESCRIPTION": "PENFOLDS ST. HENRI SHIRAZ (75CL)",
      "PRODUCT_BRAND": "PENFOLDS",
      "INVENTORY_ITEM_ID": "116701",
      "LIST_HEADER_ID": "790290",
      "PRODUCT": "S041|PEN013",
      "PRINCIPAL": "S041",
      "PRODUCT_UOM_CODE": "BOT",
      "UNIT_PRICE": "520",
      "CURRENCY_CODE": "HKD",
      "DRAFT_BEER_FLAG": "N",
      "ORGANIZATION_ID": "2922"
    },
    {
      "MARGIN_RATIO": "35",
      "PRODUCT_DESCRIPTION": "ROSEMOUNT REGIONAL SHOWCASE CHARDONNAY (75CL)",
      "PRODUCT_BRAND": "ROSEMOUNT",
      "INVENTORY_ITEM_ID": "436727",
      "LIST_HEADER_ID": "790290",
      "PRODUCT": "S041|ROS115",
      "PRINCIPAL": "S041",
      "PRODUCT_UOM_CODE": "BOT",
      "UNIT_PRICE": "192",
      "CURRENCY_CODE": "HKD",
      "DRAFT_BEER_FLAG": "N",
      "ORGANIZATION_ID": "2922"
    },
    {
      "MARGIN_RATIO": "35",
      "PRODUCT_DESCRIPTION": "42 BELOW PURE VODKA (1L)",
      "PRODUCT_BRAND": "42 BELOW",
      "INVENTORY_ITEM_ID": "308451",
      "LIST_HEADER_ID": "790290",
      "PRODUCT": "T046|BEL005",
      "PRINCIPAL": "T046",
      "PRODUCT_UOM_CODE": "BOT",
      "UNIT_PRICE": "125",
      "CURRENCY_CODE": "HKD",
      "DRAFT_BEER_FLAG": "N",
      "ORGANIZATION_ID": "2922"
    },
    {
      "MARGIN_RATIO": "35",
      "PRODUCT_DESCRIPTION": "42 BELOW VODKA PURE (70CL)",
      "PRODUCT_BRAND": "42 BELOW",
      "INVENTORY_ITEM_ID": "440208",
      "LIST_HEADER_ID": "790290",
      "PRODUCT": "T046|BEL007",
      "PRINCIPAL": "T046",
      "PRODUCT_UOM_CODE": "BOT",
      "UNIT_PRICE": "195",
      "CURRENCY_CODE": "HKD",
      "DRAFT_BEER_FLAG": "N",
      "ORGANIZATION_ID": "2922"
    },
    {
      "MARGIN_RATIO": "35",
      "PRODUCT_DESCRIPTION": "BACARDI CARTA BLANCA (1L)",
      "PRODUCT_BRAND": "BACARDI",
      "INVENTORY_ITEM_ID": "229274",
      "LIST_HEADER_ID": "790290",
      "PRODUCT": "T046|BAC001",
      "PRINCIPAL": "T046",
      "PRODUCT_UOM_CODE": "BOT",
      "UNIT_PRICE": "116",
      "CURRENCY_CODE": "HKD",
      "DRAFT_BEER_FLAG": "N",
      "ORGANIZATION_ID": "2922"
    },
    {
      "MARGIN_RATIO": "35",
      "PRODUCT_DESCRIPTION": "BACARDI GOLD RUM (75CL)",
      "PRODUCT_BRAND": "BACARDI",
      "INVENTORY_ITEM_ID": "229304",
      "LIST_HEADER_ID": "790290",
      "PRODUCT": "T046|BAC005",
      "PRINCIPAL": "T046",
      "PRODUCT_UOM_CODE": "BOT",
      "UNIT_PRICE": "148",
      "CURRENCY_CODE": "HKD",
      "DRAFT_BEER_FLAG": "N",
      "ORGANIZATION_ID": "2922"
    },
    {
      "MARGIN_RATIO": "35",
      "PRODUCT_DESCRIPTION": "BOMBAY SAPPHIRE LONDON DRY GIN (1L)",
      "PRODUCT_BRAND": "BOMBAY",
      "INVENTORY_ITEM_ID": "229388",
      "LIST_HEADER_ID": "790290",
      "PRODUCT": "T046|BOM001",
      "PRINCIPAL": "T046",
      "PRODUCT_UOM_CODE": "BOT",
      "UNIT_PRICE": "120",
      "CURRENCY_CODE": "HKD",
      "DRAFT_BEER_FLAG": "N",
      "ORGANIZATION_ID": "2922"
    },
    {
      "MARGIN_RATIO": "35",
      "PRODUCT_DESCRIPTION": "GREY GOOSE ORIGINAL VODKA (70CL)",
      "PRODUCT_BRAND": "GREY GOOSE",
      "INVENTORY_ITEM_ID": "264473",
      "LIST_HEADER_ID": "790290",
      "PRODUCT": "T046|GRE001",
      "PRINCIPAL": "T046",
      "PRODUCT_UOM_CODE": "BOT",
      "UNIT_PRICE": "294",
      "CURRENCY_CODE": "HKD",
      "DRAFT_BEER_FLAG": "N",
      "ORGANIZATION_ID": "2922"
    },
    {
      "MARGIN_RATIO": "35",
      "PRODUCT_DESCRIPTION": "MARTINI EXTRA DRY VERMOUTH (1L)",
      "PRODUCT_BRAND": "MARTINI",
      "INVENTORY_ITEM_ID": "229430",
      "LIST_HEADER_ID": "790290",
      "PRODUCT": "T046|MAR004",
      "PRINCIPAL": "T046",
      "PRODUCT_UOM_CODE": "BOT",
      "UNIT_PRICE": "88",
      "CURRENCY_CODE": "HKD",
      "DRAFT_BEER_FLAG": "N",
      "ORGANIZATION_ID": "2922"
    },
    {
      "MARGIN_RATIO": "35",
      "PRODUCT_DESCRIPTION": "MARTINI ROSSO VERMOUTH (1L)",
      "PRODUCT_BRAND": "MARTINI",
      "INVENTORY_ITEM_ID": "229420",
      "LIST_HEADER_ID": "790290",
      "PRODUCT": "T046|MAR001",
      "PRINCIPAL": "T046",
      "PRODUCT_UOM_CODE": "BOT",
      "UNIT_PRICE": "88",
      "CURRENCY_CODE": "HKD",
      "DRAFT_BEER_FLAG": "N",
      "ORGANIZATION_ID": "2922"
    },
    {
      "MARGIN_RATIO": "35",
      "PRODUCT_DESCRIPTION": "ST.GERMAIN (750ML)",
      "PRODUCT_BRAND": "ST GERMAIN",
      "INVENTORY_ITEM_ID": "2719318",
      "LIST_HEADER_ID": "790290",
      "PRODUCT": "T046|STG001",
      "PRINCIPAL": "T046",
      "PRODUCT_UOM_CODE": "BOT",
      "UNIT_PRICE": "330",
      "CURRENCY_CODE": "HKD",
      "DRAFT_BEER_FLAG": "N",
      "ORGANIZATION_ID": "2922"
    },
    {
      "MARGIN_RATIO": "35",
      "PRODUCT_DESCRIPTION": "AYALA 2 GLS + 1 BLT GIFTBOX 2012",
      "PRODUCT_BRAND": "AYALA",
      "INVENTORY_ITEM_ID": "1389238",
      "LIST_HEADER_ID": "789704",
      "PRODUCT": "C101|AYAAD001",
      "PRINCIPAL": "C101",
      "PRODUCT_UOM_CODE": "PCE",
      "UNIT_PRICE": "999999",
      "CURRENCY_CODE": "HKD",
      "DRAFT_BEER_FLAG": "N",
      "ORGANIZATION_ID": "2922"
    },
    {
      "MARGIN_RATIO": "35",
      "PRODUCT_DESCRIPTION": "CHATEAU DâESCLANS WHISPERING ANGEL ROSE (75CL)",
      "PRODUCT_BRAND": "CH D'ESCLANS",
      "INVENTORY_ITEM_ID": "405467",
      "LIST_HEADER_ID": "789704",
      "PRODUCT": "L044|CAV011",
      "PRINCIPAL": "L044",
      "PRODUCT_UOM_CODE": "BOT",
      "UNIT_PRICE": "120",
      "CURRENCY_CODE": "HKD",
      "DRAFT_BEER_FLAG": "N",
      "ORGANIZATION_ID": "2922"
    },
    {
      "MARGIN_RATIO": "35",
      "PRODUCT_DESCRIPTION": "BACARDI CARTA BLANCA (1L)",
      "PRODUCT_BRAND": "BACARDI",
      "INVENTORY_ITEM_ID": "229274",
      "LIST_HEADER_ID": "789704",
      "PRODUCT": "T046|BAC001",
      "PRINCIPAL": "T046",
      "PRODUCT_UOM_CODE": "BOT",
      "UNIT_PRICE": "115",
      "CURRENCY_CODE": "HKD",
      "DRAFT_BEER_FLAG": "N",
      "ORGANIZATION_ID": "2922"
    }
  ]
}