{
	"P_ORDER_LINES_TBL_ITEM": [{
			"ORG_ID": "2899",
			"ORDER_TOT_ITEM": "1",
			"LINE_NUMBER": "2.1",
			"SHIP_TO_ORG_ID": "309804",
			"LINE_ID": "17129795",
			"PRODUCT_DESCRIPTION": "S. PELLEGRINO 750ML X 12 BOTS",
			"FLOW_STATUS_CODE": "ENTERED",
			"ORDER_TOT_AMT": "0",
			"INVOICE_TO_ORG_ID": "305927",
			"PRODUCT": "S005|SAN2503X",
			"UNIT_SELLING_PRICE": "0",
			"LINE_PAYMENT_TERM": "-1",
			"SHIP_TO_LOCATION": "-1",
			"SALESREP_ID": "100318337",
			"SHIP_TO_ADDRESS": "-1",
			"ORDER_TYPE_ID": "4561",
			"CUSTOMER_ACCOUNT_NUMBER": "8081807",
			"PAYMENT_TERM_ID": "1013",
			"ORDER_QUANTITY_UOM": "CAS",
			"BILL_TO_LOCATION": "-1",
			"WAREHOUSE": "G14",
			"SOLD_TO_ORG_ID": "8109833",
			"HEADER_FLOW_STATUS_CODE": "ENTERED",
			"PAYMENT_TERM": "-1",
			"PRICE_LIST_ID": "790290",
			"ORDER_TYPE": "13-G0 STOCK ORDER",
			"LINE_PRICE_LIST_ID": "790290",
			"SCHEDULE_SHIP_DATE": "19-OCT-2016",
			"ORIGINAL_LINE": "Y",
			"LINE_SHIP_FROM_ORG_ID": "2922",
			"CUST_PO_NUMBER": "REGULAR ORDER",
			"BILL_TO_ADDRESS": "-1",
			"INVENTORY_ITEM_ID": "411591",
			"CUSTOMER_NAME": "SUPERISE LIMITED",
			"ORDER_LINE_AMT": "0",
			"REQUEST_DATE": "19-OCT-2016",
			"ORDER_REMARKS": "-1",
			"ORDER_NUMBER": "10289557",
			"ORDERED_DATE": "14-OCT-2016",
			"TRANSACTIONAL_CURR_CODE": "HKD",
			"ORDERED_QUANTITY": "1",
			"LINE_SALESREP_ID": "100318337",
			"LINE_PAYMENT_TERM_ID": "1013",
			"OE_HEADER_ID": "12790846",
			"LINE_TYPE_ID": "4560",
			"LOT_NUMBER": "-1",
			"DRAFT_BEER_FLAG": "Y"
		}, {
			"ORG_ID": "2899",
			"ORDER_TOT_ITEM": "1",
			"LINE_NUMBER": "3.1",
			"SHIP_TO_ORG_ID": "309804",
			"LINE_ID": "17129796",
			"PRODUCT_DESCRIPTION": "ACQUA PANNA 750ML X 12 BOTS",
			"FLOW_STATUS_CODE": "ENTERED",
			"ORDER_TOT_AMT": "675",
			"INVOICE_TO_ORG_ID": "305927",
			"PRODUCT": "S005|SAN2494X",
			"UNIT_SELLING_PRICE": "135",
			"LINE_PAYMENT_TERM": "-1",
			"SHIP_TO_LOCATION": "-1",
			"SALESREP_ID": "100318337",
			"SHIP_TO_ADDRESS": "-1",
			"ORDER_TYPE_ID": "4561",
			"CUSTOMER_ACCOUNT_NUMBER": "8081807",
			"PAYMENT_TERM_ID": "1013",
			"ORDER_QUANTITY_UOM": "CAS",
			"BILL_TO_LOCATION": "-1",
			"WAREHOUSE": "G14",
			"SOLD_TO_ORG_ID": "8109833",
			"HEADER_FLOW_STATUS_CODE": "ENTERED",
			"PAYMENT_TERM": "-1",
			"PRICE_LIST_ID": "790290",
			"ORDER_TYPE": "13-G0 STOCK ORDER",
			"LINE_PRICE_LIST_ID": "790290",
			"SCHEDULE_SHIP_DATE": "19-OCT-2016",
			"ORIGINAL_LINE": "Y",
			"LINE_SHIP_FROM_ORG_ID": "2922",
			"CUST_PO_NUMBER": "REGULAR ORDER",
			"BILL_TO_ADDRESS": "-1",
			"INVENTORY_ITEM_ID": "411598",
			"CUSTOMER_NAME": "SUPERISE LIMITED",
			"ORDER_LINE_AMT": "675",
			"REQUEST_DATE": "19-OCT-2016",
			"ORDER_REMARKS": "-1",
			"ORDER_NUMBER": "10289557",
			"ORDERED_DATE": "14-OCT-2016",
			"TRANSACTIONAL_CURR_CODE": "HKD",
			"ORDERED_QUANTITY": "5",
			"LINE_SALESREP_ID": "100318337",
			"LINE_PAYMENT_TERM_ID": "1013",
			"OE_HEADER_ID": "12790846",
			"LINE_TYPE_ID": "4560",
			"LOT_NUMBER": "-1",
			"DRAFT_BEER_FLAG": "N"
		}, {
			"ORG_ID": "2899",
			"ORDER_TOT_ITEM": "1",
			"LINE_NUMBER": "1.1",
			"SHIP_TO_ORG_ID": "309804",
			"LINE_ID": "17129794",
			"PRODUCT_DESCRIPTION": "S. PELLEGRINO 750ML X 12 BOTS",
			"FLOW_STATUS_CODE": "ENTERED",
			"ORDER_TOT_AMT": "675",
			"INVOICE_TO_ORG_ID": "305927",
			"PRODUCT": "S005|SAN2503X",
			"UNIT_SELLING_PRICE": "135",
			"LINE_PAYMENT_TERM": "-1",
			"SHIP_TO_LOCATION": "-1",
			"SALESREP_ID": "100318337",
			"SHIP_TO_ADDRESS": "-1",
			"ORDER_TYPE_ID": "4561",
			"CUSTOMER_ACCOUNT_NUMBER": "8081807",
			"PAYMENT_TERM_ID": "1013",
			"ORDER_QUANTITY_UOM": "CAS",
			"BILL_TO_LOCATION": "-1",
			"WAREHOUSE": "G14",
			"SOLD_TO_ORG_ID": "8109833",
			"HEADER_FLOW_STATUS_CODE": "ENTERED",
			"PAYMENT_TERM": "-1",
			"PRICE_LIST_ID": "790290",
			"ORDER_TYPE": "13-G0 STOCK ORDER",
			"LINE_PRICE_LIST_ID": "790290",
			"SCHEDULE_SHIP_DATE": "19-OCT-2016",
			"ORIGINAL_LINE": "Y",
			"LINE_SHIP_FROM_ORG_ID": "2922",
			"CUST_PO_NUMBER": "REGULAR ORDER",
			"BILL_TO_ADDRESS": "-1",
			"INVENTORY_ITEM_ID": "411591",
			"CUSTOMER_NAME": "SUPERISE LIMITED",
			"ORDER_LINE_AMT": "675",
			"REQUEST_DATE": "19-OCT-2016",
			"ORDER_REMARKS": "-1",
			"ORDER_NUMBER": "10289557",
			"ORDERED_DATE": "14-OCT-2016",
			"TRANSACTIONAL_CURR_CODE": "HKD",
			"ORDERED_QUANTITY": "5",
			"LINE_SALESREP_ID": "100318337",
			"LINE_PAYMENT_TERM_ID": "1013",
			"OE_HEADER_ID": "12790846",
			"LINE_TYPE_ID": "4560",
			"LOT_NUMBER": "-1",
			"DRAFT_BEER_FLAG": "N"
		}, {
			"ORG_ID": "2899",
			"ORDER_TOT_ITEM": "1",
			"LINE_NUMBER": "4.1",
			"SHIP_TO_ORG_ID": "309804",
			"LINE_ID": "17129797",
			"PRODUCT_DESCRIPTION": "ACQUA PANNA 750ML X 12 BOTS",
			"FLOW_STATUS_CODE": "ENTERED",
			"ORDER_TOT_AMT": "0",
			"INVOICE_TO_ORG_ID": "305927",
			"PRODUCT": "S005|SAN2494X",
			"UNIT_SELLING_PRICE": "0",
			"LINE_PAYMENT_TERM": "-1",
			"SHIP_TO_LOCATION": "-1",
			"SALESREP_ID": "100318337",
			"SHIP_TO_ADDRESS": "-1",
			"ORDER_TYPE_ID": "4561",
			"CUSTOMER_ACCOUNT_NUMBER": "8081807",
			"PAYMENT_TERM_ID": "1013",
			"ORDER_QUANTITY_UOM": "CAS",
			"BILL_TO_LOCATION": "-1",
			"WAREHOUSE": "G14",
			"SOLD_TO_ORG_ID": "8109833",
			"HEADER_FLOW_STATUS_CODE": "ENTERED",
			"PAYMENT_TERM": "-1",
			"PRICE_LIST_ID": "790290",
			"ORDER_TYPE": "13-G0 STOCK ORDER",
			"LINE_PRICE_LIST_ID": "790290",
			"SCHEDULE_SHIP_DATE": "19-OCT-2016",
			"ORIGINAL_LINE": "Y",
			"LINE_SHIP_FROM_ORG_ID": "2922",
			"CUST_PO_NUMBER": "REGULAR ORDER",
			"BILL_TO_ADDRESS": "-1",
			"INVENTORY_ITEM_ID": "411598",
			"CUSTOMER_NAME": "SUPERISE LIMITED",
			"ORDER_LINE_AMT": "0",
			"REQUEST_DATE": "19-OCT-2016",
			"ORDER_REMARKS": "-1",
			"ORDER_NUMBER": "10289557",
			"ORDERED_DATE": "14-OCT-2016",
			"TRANSACTIONAL_CURR_CODE": "HKD",
			"ORDERED_QUANTITY": "1",
			"LINE_SALESREP_ID": "100318337",
			"LINE_PAYMENT_TERM_ID": "1013",
			"OE_HEADER_ID": "12790846",
			"LINE_TYPE_ID": "4560",
			"LOT_NUMBER": "-1",
			"DRAFT_BEER_FLAG": "N"
		}
	]
}
