{
    "OutputUpdateReadDNRMAIntf": {
        "P_INTF_TBL_O": {
            "P_INTF_TBL_I_ITEM": [{
                    "DELIVERY_DETAIL_ID": 12283336,
                    "ORDER_HEADER_ID": 13046745,
                    "ORDER_LINE_ID": 17364521,
                    "DEPOSIT_LINE_ID": 17364522,
                    "DOCUMENT_NO": "8972301",
                    "DOCUMENT_TYPE": "DELIVERY NOTE",
                    "DOCUMENT_DATE": "2017-03-30T00:00:00.000+08:00",
                    "SALES_ORDER_NO": "10224465",
                    "CUSTOMER_NO": "8191135",
                    "CUSTOMER_NAME": "JOY TEAM ASIA INVESTMENT LTD",
                    "PAYMENT_TERM": "DUE MTHEND",
                    "SHIP_TO_ADDRESS_LINE_1": "T/A PARK V BAR & RESTAURANT",
                    "SHIP_TO_ADDRESS_LINE_2": "G/F, LG/F",
                    "SHIP_TO_ADDRESS_LINE_3": "2-4 OBSERVATION COURT",
                    "CURRENCY": "HKD",
                    "LINE_NO": "1.1",
                    "PRODUCT_NO": "B095|HOE601",
                    "PRODUCT_DESCRIPTION": "HOEGAARDEN 30L - KEG",
                    "LOT_NUMBER": "30-MAY-2019",
                    "EXPIRY_DATE": "2017-05-30T00:00:00.000+08:00",
                    "UOM": "KEG",
                    "DELIVERY_QUANTITY": 1,
                    "RECEIVE_QUANTITY": 0,
                    "UNIT_PRICE": 1249.2,
                    "TOTAL_AMOUNT": 1249.2,
                    "DEPOSIT_PRODUCT_NO": "B095|HOE601-D",
                    "DEPOSIT_UNIT_PRICE": 50,
                    "DEPOSIT_TOTAL_AMOUNT": 50,
                    "ACTUAL_DELIVERY_DATE": "4712-12-31T00:00:00.000+08:00",
                    "QUANTITY_SHIPPED": 1200,
                    "QUANTITY_RECEIVED": 0,
                    "STATUS_CODE": "-1"
                }, {
                    "DELIVERY_DETAIL_ID": -1,
                    "ORDER_HEADER_ID": 13046746,
                    "ORDER_LINE_ID": 17364523,
                    "DEPOSIT_LINE_ID": 17364531,
                    "DOCUMENT_NO": "13.C00.30053999",
                    "DOCUMENT_TYPE": "PICKUP NOTE",
                    "DOCUMENT_DATE": "2017-03-30T00:00:00.000+08:00",
                    "SALES_ORDER_NO": "30053999",
                    "CUSTOMER_NO": "8191135             ",
                    "CUSTOMER_NAME": "JOY TEAM ASIA INVESTMENT LTD                                                                        ",
                    "PAYMENT_TERM": "DUE MTHEND",
                    "SHIP_TO_ADDRESS_LINE_1": "T/A PARK V BAR & RESTAURANT",
                    "SHIP_TO_ADDRESS_LINE_2": "G/F, LG/F",
                    "SHIP_TO_ADDRESS_LINE_3": "2-4 OBSERVATION COURT",
                    "CURRENCY": "HKD",
                    "LINE_NO": "1.1",
                    "PRODUCT_NO": "B095|BOD601-E",
                    "PRODUCT_DESCRIPTION": "BODDINGTONS 30L - KEG - EMPTY",
                    "LOT_NUMBER": "30-MAR-2013",
                    "EXPIRY_DATE": "2017-03-30T00:00:00.000+08:00",
                    "UOM": "KEG",
                    "DELIVERY_QUANTITY": 0,
                    "RECEIVE_QUANTITY": -5,
                    "UNIT_PRICE": 0,
                    "TOTAL_AMOUNT": 0,
                    "DEPOSIT_PRODUCT_NO": "B095|BOD601-D",
                    "DEPOSIT_UNIT_PRICE": 50,
                    "DEPOSIT_TOTAL_AMOUNT": 250,
                    "ACTUAL_DELIVERY_DATE": "2017-03-30T00:00:00.000+08:00",
                    "QUANTITY_SHIPPED": 0,
                    "QUANTITY_RECEIVED": 0,
                    "STATUS_CODE": "-1"
                }, {
                    "DELIVERY_DETAIL_ID": -1,
                    "ORDER_HEADER_ID": 13046746,
                    "ORDER_LINE_ID": 17364524,
                    "DEPOSIT_LINE_ID": 17364532,
                    "DOCUMENT_NO": "13.C00.30053999",
                    "DOCUMENT_TYPE": "PICKUP NOTE",
                    "DOCUMENT_DATE": "2017-03-30T00:00:00.000+08:00",
                    "SALES_ORDER_NO": "30053999",
                    "CUSTOMER_NO": "8191135             ",
                    "CUSTOMER_NAME": "JOY TEAM ASIA INVESTMENT LTD                                                                        ",
                    "PAYMENT_TERM": "DUE MTHEND",
                    "SHIP_TO_ADDRESS_LINE_1": "T/A PARK V BAR & RESTAURANT",
                    "SHIP_TO_ADDRESS_LINE_2": "G/F, LG/F",
                    "SHIP_TO_ADDRESS_LINE_3": "2-4 OBSERVATION COURT",
                    "CURRENCY": "HKD",
                    "LINE_NO": "2.1",
                    "PRODUCT_NO": "B095|HOE601-E",
                    "PRODUCT_DESCRIPTION": "HOEGAARDEN 30L - KEG - EMPTY",
                    "LOT_NUMBER": "31-MAR-2019",
                    "EXPIRY_DATE": "4712-12-31T00:00:00.000+08:00",
                    "UOM": "KEG",
                    "DELIVERY_QUANTITY": 0,
                    "RECEIVE_QUANTITY": -12,
                    "UNIT_PRICE": 0,
                    "TOTAL_AMOUNT": 0,
                    "DEPOSIT_PRODUCT_NO": "B095|HOE601-D",
                    "DEPOSIT_UNIT_PRICE": 50,
                    "DEPOSIT_TOTAL_AMOUNT": 600,
                    "ACTUAL_DELIVERY_DATE": "4712-12-31T00:00:00.000+08:00",
                    "QUANTITY_SHIPPED": 0,
                    "QUANTITY_RECEIVED": -1,
                    "STATUS_CODE": "-1"
                }, {
                    "DELIVERY_DETAIL_ID": -1,
                    "ORDER_HEADER_ID": 13046746,
                    "ORDER_LINE_ID": 17364525,
                    "DEPOSIT_LINE_ID": 17364533,
                    "DOCUMENT_NO": "13.C00.30053999",
                    "DOCUMENT_TYPE": "PICKUP NOTE",
                    "DOCUMENT_DATE": "2017-03-30T00:00:00.000+08:00",
                    "SALES_ORDER_NO": "30053999",
                    "CUSTOMER_NO": "8191135             ",
                    "CUSTOMER_NAME": "JOY TEAM ASIA INVESTMENT LTD                                                                        ",
                    "PAYMENT_TERM": "DUE MTHEND",
                    "SHIP_TO_ADDRESS_LINE_1": "T/A PARK V BAR & RESTAURANT",
                    "SHIP_TO_ADDRESS_LINE_2": "G/F, LG/F",
                    "SHIP_TO_ADDRESS_LINE_3": "2-4 OBSERVATION COURT",
                    "CURRENCY": "HKD",
                    "LINE_NO": "3.1",
                    "PRODUCT_NO": "B095|LEF602-E",
                    "PRODUCT_DESCRIPTION": "LEFFE 30L (BRUNE) - KEG - EMPTY",
                    "LOT_NUMBER": "-1",
                    "EXPIRY_DATE": "4712-12-31T00:00:00.000+08:00",
                    "UOM": "KEG",
                    "DELIVERY_QUANTITY": 0,
                    "RECEIVE_QUANTITY": -10,
                    "UNIT_PRICE": 0,
                    "TOTAL_AMOUNT": 0,
                    "DEPOSIT_PRODUCT_NO": "B095|LEF602-D",
                    "DEPOSIT_UNIT_PRICE": 50,
                    "DEPOSIT_TOTAL_AMOUNT": 500,
                    "ACTUAL_DELIVERY_DATE": "4712-12-31T00:00:00.000+08:00",
                    "QUANTITY_SHIPPED": 0,
                    "QUANTITY_RECEIVED": -1,
                    "STATUS_CODE": "C"
                }, {
                    "DELIVERY_DETAIL_ID": 12279336,
                    "ORDER_HEADER_ID": 13037781,
                    "ORDER_LINE_ID": 17352760,
                    "DEPOSIT_LINE_ID": 17352761,
                    "DOCUMENT_NO": "8969301",
                    "DOCUMENT_TYPE": "DELIVERY NOTE",
                    "DOCUMENT_DATE": "2017-03-30T00:00:00.000+08:00",
                    "SALES_ORDER_NO": "10224418",
                    "CUSTOMER_NO": "8191135",
                    "CUSTOMER_NAME": "JOY TEAM ASIA INVESTMENT LTD",
                    "PAYMENT_TERM": "DUE MTHEND",
                    "SHIP_TO_ADDRESS_LINE_1": "T/A PARK V BAR & RESTAURANT",
                    "SHIP_TO_ADDRESS_LINE_2": "G/F, LG/F",
                    "SHIP_TO_ADDRESS_LINE_3": "2-4 OBSERVATION COURT",
                    "CURRENCY": "HKD",
                    "LINE_NO": "1.1",
                    "PRODUCT_NO": "B095|HOE601",
                    "PRODUCT_DESCRIPTION": "HOEGAARDEN 30L - KEG",
                    "LOT_NUMBER": "30-MAY-2017",
                    "EXPIRY_DATE": "2017-05-30T00:00:00.000+08:00",
                    "UOM": "KEG",
                    "DELIVERY_QUANTITY": 1,
                    "RECEIVE_QUANTITY": 0,
                    "UNIT_PRICE": 1249.2,
                    "TOTAL_AMOUNT": 1249.2,
                    "DEPOSIT_PRODUCT_NO": "B095|HOE601-D",
                    "DEPOSIT_UNIT_PRICE": 50,
                    "DEPOSIT_TOTAL_AMOUNT": 50,
                    "ACTUAL_DELIVERY_DATE": "4712-12-31T00:00:00.000+08:00",
                    "QUANTITY_SHIPPED": 1,
                    "QUANTITY_RECEIVED": 0,
                    "STATUS_CODE": "-1"
                }]
        },
        "P_RETURN_STATUS": "S",
        "P_MSG_DATA": null
    }
}