{
  "P_PRICE_LIST_TBL_ITEM": [
    {
      "ORIG_ORG_ID": "2899",
      "MARGIN_RATIO": "35",
      "START_DATE_ACTIVE": "01-APR-2012",
      "ACTIVE_FLAG": "Y",
      "LIST_LINE_TYPE_CODE": "PLL",
      "PRODUCT_UOM_CODE": "BOT",
      "PRIMARY_UOM_FLAG": "Y",
      "OPERAND": "125",
      "UNIT_PRICE": "220",
      "CURRENCY_CODE": "HKD",
      "PL_NAME": "13-8081807_SUPERISE LIMITED",
      "PRODUCT_BRAND": "FRESCOBALDI",
      "INVENTORY_ITEM_ID": "72345",
      "DESCRIPTION": "13-8081807_SUPERISE LIMITED",
      "LIST_HEADER_ID": "790290",
      "PRODUCT": "M007|FRE105",
      "PRINCIPAL": "M007",
      "END_DATE_ACTIVE": "31-DEC-2016",
      "PRODUCT_DESCRIPTION": "FRESCOBALDI NIPOZZANO-RISERVA (75CL)"
    }]
}
