{
    "id" : "ord-101",
    "cust_name": "Athena 101",
    "order_no": "30053945",
    "purchase_order":"8000044",
    "order_date":"2016/11/04 10:05",
    "delivery_cost":500,
    "remarks":"Please input remarks",
    "shipping_address":"G/F, 22 Minden Ave, TST, Kowloon",
    "billing_address": "G/F, 22 Minden Ave, TST, Kowloon", 
	"status" : "Booked",	
    "item_detail":[
            {
                "id": "1",
                "prod_code":"BG12SP1203",
                "prod_desc":"S. Pellegrino 750ML X 12 Bots",
                "shipping_district":"Tsuen Wan",
                "delivery_status":"Pending",
                "lot":"2009",
                "sku":"BOT",
                "quantity":8,
                "price":300.00
            },
            {
                "id": "2",
                "prod_code":"BG12SP1202",
                "prod_desc":"A. Pellegrino 750ML X 12 Bots",
                "shipping_district":"Tsuen Wan",
                "delivery_status":"Pending",
                "lot":"2007",
                "sku":"BOT",
                "quantity":10,
                "price":190.00
            }
    ]
}
